[Licensing::Module] Trying to connect to existing licensing client channel...
Built from '6000.2/staging' branch; Version is '6000.2.10f1 (d3d30d158480) revision 13882125'; Using compiler version '194234433'; Build Type 'Release'
OS: 'Windows 11  (10.0.26200) 64bit Core' Language: 'en' Physical Memory: 32469 MB
[Licensing::IpcConnector] Successfully connected to: "LicenseClient-aahug" at "2025-11-24T01:47:20.6832358Z"
BatchMode: 1, IsHumanControllingUs: 0, StartBugReporterOnCrash: 0, Is64bit: 1
Date: 2025-11-24T01:47:20Z

COMMAND LINE ARGUMENTS:
C:\Program Files\Unity\Hub\Editor\6000.2.10f1\Editor\Unity.exe
-adb2
-batchMode
-noUpm
-name
AssetImportWorker2
-projectPath
C:/Users/aahug/Downloads/Fighter Planes Spring 2025
-logFile
Logs/AssetImportWorker2.log
-srvPort
64156
-licensingIpc
LicenseClient-aahug
-job-worker-count
7
-background-job-worker-count
8
-gc-helper-count
1
-name
AssetImport
Successfully changed project path to: C:/Users/aahug/Downloads/Fighter Planes Spring 2025
C:/Users/aahug/Downloads/Fighter Planes Spring 2025
[UnityMemory] Configuration Parameters - Can be set up in boot.config
    "memorysetup-allocator-temp-initial-block-size-main=262144"
    "memorysetup-allocator-temp-initial-block-size-worker=262144"
    "memorysetup-bucket-allocator-granularity=16"
    "memorysetup-bucket-allocator-bucket-count=8"
    "memorysetup-bucket-allocator-block-size=33554432"
    "memorysetup-bucket-allocator-block-count=8"
    "memorysetup-main-allocator-block-size=16777216"
    "memorysetup-thread-allocator-block-size=16777216"
    "memorysetup-gfx-main-allocator-block-size=16777216"
    "memorysetup-gfx-thread-allocator-block-size=16777216"
    "memorysetup-cache-allocator-block-size=4194304"
    "memorysetup-typetree-allocator-block-size=2097152"
    "memorysetup-profiler-bucket-allocator-granularity=16"
    "memorysetup-profiler-bucket-allocator-bucket-count=8"
    "memorysetup-profiler-bucket-allocator-block-size=33554432"
    "memorysetup-profiler-bucket-allocator-block-count=8"
    "memorysetup-profiler-allocator-block-size=16777216"
    "memorysetup-profiler-editor-allocator-block-size=1048576"
    "memorysetup-temp-allocator-size-main=16777216"
    "memorysetup-job-temp-allocator-block-size=2097152"
    "memorysetup-job-temp-allocator-block-size-background=1048576"
    "memorysetup-job-temp-allocator-reduction-small-platforms=262144"
    "memorysetup-temp-allocator-size-background-worker=32768"
    "memorysetup-temp-allocator-size-job-worker=262144"
    "memorysetup-temp-allocator-size-preload-manager=33554432"
    "memorysetup-temp-allocator-size-nav-mesh-worker=65536"
    "memorysetup-temp-allocator-size-audio-worker=65536"
    "memorysetup-temp-allocator-size-cloud-worker=32768"
    "memorysetup-temp-allocator-size-gi-baking-worker=262144"
    "memorysetup-temp-allocator-size-gi-baking-worker=262144"
    "memorysetup-temp-allocator-size-gi-baking-worker=262144"
    "memorysetup-temp-allocator-size-gi-baking-worker=262144"
    "memorysetup-temp-allocator-size-gi-baking-worker=262144"
    "memorysetup-temp-allocator-size-gfx=262144"
Player connection [48292]  Target information:

Player connection [48292]  * "[IP] 100.110.142.244 [Port] 0 [Flags] 2 [Guid] 3178588980 [EditorId] 3178588980 [Version] 1048832 [Id] WindowsEditor(7,Aidans-Gaming-Laptop) [Debug] 1 [PackageName] WindowsEditor [ProjectName] Editor" 

Player connection [48292] Host joined multi-casting on [225.0.0.222:54997]...
Player connection [48292] Host joined alternative multi-casting on [225.0.0.222:34997]...
JobSystem: Creating JobQueue using job-worker-count value 7
Input System module state changed to: Initialized.
[Physics::Module] Initialized fallback backend.
[Physics::Module] Id: 0xdecafbad
[Licensing::Client] Code 10 while verifying Licensing Client signature (process Id: 39028, path: "C:/Program Files/Unity Hub/UnityLicensingClient_V1/Unity.Licensing.Client.exe")
[Licensing::Module] LicensingClient has failed validation; ignoring
[Licensing::Client] Handshaking with LicensingClient:
  Version:                 1.17.3+a4e98f1
  Session Id:              946cac25064a41f7911772fb68db2c0e
  Correlation Id:          e792f706eda7671d467a581546860f61
  External correlation Id: 705541807631260655
  Machine Id:              0PBTqiRYNSYmARqocnSiU5bL2lQ=
[Licensing::Module] Successfully connected to LicensingClient on channel: "LicenseClient-aahug" (connect: 0.00s, validation: 0.00s, handshake: 0.07s)
[Licensing::IpcConnector] Successfully connected to: "LicenseClient-aahug-notifications" at "2025-11-24T01:47:20.7539212Z"
[Licensing::Module] Licensing Background thread has ended after 0.07s
Library Redirect Path: Library/
[Physics::Module] Selected backend.
[Physics::Module] Name: PhysX
[Physics::Module] Id: 0xf2b8ea05
[Physics::Module] SDK Version: 4.1.2
[Physics::Module] Integration Version: 1.0.0
[Physics::Module] Threading Mode: Multi-Threaded
Refreshing native plugins compatible for Editor in 2.38 ms, found 3 plugins.
Preloading 0 native plugins for Editor in 0.00 ms.
Initialize engine version: 6000.2.10f1 (d3d30d158480)
[Subsystems] Discovering subsystems at path C:/Program Files/Unity/Hub/Editor/6000.2.10f1/Editor/Data/Resources/UnitySubsystems
[Subsystems] Discovering subsystems at path C:/Users/aahug/Downloads/Fighter Planes Spring 2025/Assets
GfxDevice: creating device client; kGfxThreadingModeNonThreaded
Direct3D:
    Version:  Direct3D 11.0 [level 11.1]
    Renderer: NVIDIA GeForce RTX 4070 Laptop GPU (ID=0x2820)
    Vendor:   NVIDIA
    VRAM:     7948 MB
    Driver:   32.0.15.8180
Initialize mono
Mono path[0] = 'C:/Program Files/Unity/Hub/Editor/6000.2.10f1/Editor/Data/Managed'
Mono path[1] = 'C:/Program Files/Unity/Hub/Editor/6000.2.10f1/Editor/Data/MonoBleedingEdge/lib/mono/unityjit-win32'
Mono config path = 'C:/Program Files/Unity/Hub/Editor/6000.2.10f1/Editor/Data/MonoBleedingEdge/etc'
Using monoOptions --debugger-agent=transport=dt_socket,embedding=1,server=y,suspend=n,address=127.0.0.1:56088
Begin MonoManager ReloadAssembly
Registering precompiled unity dll's ...
Register platform support module: C:/Program Files/Unity/Hub/Editor/6000.2.10f1/Editor/Data/PlaybackEngines/WindowsStandaloneSupport/UnityEditor.WindowsStandalone.Extensions.dll
Registered in 0.001769 seconds.
- Loaded All Assemblies, in  0.347 seconds
Native extension for WindowsStandalone target not found
Mono: successfully reloaded assembly
- Finished resetting the current domain, in  0.303 seconds
Domain Reload Profiling: 648ms
	BeginReloadAssembly (119ms)
		ExecutionOrderSort (0ms)
		DisableScriptedObjects (0ms)
		BackupInstance (0ms)
		ReleaseScriptingObjects (0ms)
		CreateAndSetChildDomain (1ms)
	RebuildCommonClasses (33ms)
	RebuildNativeTypeToScriptingClass (10ms)
	initialDomainReloadingComplete (41ms)
	LoadAllAssembliesAndSetupDomain (142ms)
		LoadAssemblies (117ms)
		RebuildTransferFunctionScriptingTraits (0ms)
		AnalyzeDomain (140ms)
			TypeCache.Refresh (138ms)
				TypeCache.ScanAssembly (126ms)
			BuildScriptInfoCaches (0ms)
			ResolveRequiredComponents (0ms)
	FinalizeReload (303ms)
		ReleaseScriptCaches (0ms)
		RebuildScriptCaches (0ms)
		SetupLoadedEditorAssemblies (270ms)
			LogAssemblyErrors (0ms)
			InitializePlatformSupportModulesInManaged (47ms)
			SetLoadedEditorAssemblies (4ms)
			BeforeProcessingInitializeOnLoad (58ms)
			ProcessInitializeOnLoadAttributes (116ms)
			ProcessInitializeOnLoadMethodAttributes (46ms)
			AfterProcessingInitializeOnLoad (0ms)
			EditorAssembliesLoaded (0ms)
		ExecutionOrderSort2 (0ms)
		AwakeInstancesAfterBackupRestoration (0ms)
========================================================================
Worker process is ready to serve import requests
Import Worker Mode flag is 0x00
Begin MonoManager ReloadAssembly
[Licensing::Client] Successfully resolved entitlement details
[Licensing::Module] License group:
  Id: 2475469807813-UnityPersXXXX
  Product: Unity Personal
  Type: Assigned
  Expiration: Unlimited
- Loaded All Assemblies, in  0.914 seconds
Refreshing native plugins compatible for Editor in 2.09 ms, found 3 plugins.
Native extension for WindowsStandalone target not found
Package Manager log level set to [2]
[Package Manager] Failed to launch server process. Reason: Unity was launched with the -noUpm command-line argument
[Package Manager] Unable to send message (not connected to server process).
[Package Manager] Cannot connect to Unity Package Manager local server
Mono: successfully reloaded assembly
- Finished resetting the current domain, in  0.660 seconds
Domain Reload Profiling: 1565ms
	BeginReloadAssembly (251ms)
		ExecutionOrderSort (0ms)
		DisableScriptedObjects (6ms)
		BackupInstance (0ms)
		ReleaseScriptingObjects (0ms)
		CreateAndSetChildDomain (30ms)
	RebuildCommonClasses (47ms)
	RebuildNativeTypeToScriptingClass (16ms)
	initialDomainReloadingComplete (53ms)
	LoadAllAssembliesAndSetupDomain (538ms)
		LoadAssemblies (459ms)
		RebuildTransferFunctionScriptingTraits (0ms)
		AnalyzeDomain (236ms)
			TypeCache.Refresh (189ms)
				TypeCache.ScanAssembly (176ms)
			BuildScriptInfoCaches (39ms)
			ResolveRequiredComponents (5ms)
	FinalizeReload (660ms)
		ReleaseScriptCaches (0ms)
		RebuildScriptCaches (0ms)
		SetupLoadedEditorAssemblies (516ms)
			LogAssemblyErrors (0ms)
			InitializePlatformSupportModulesInManaged (3ms)
			SetLoadedEditorAssemblies (5ms)
			BeforeProcessingInitializeOnLoad (129ms)
			ProcessInitializeOnLoadAttributes (346ms)
			ProcessInitializeOnLoadMethodAttributes (26ms)
			AfterProcessingInitializeOnLoad (7ms)
			EditorAssembliesLoaded (0ms)
		ExecutionOrderSort2 (0ms)
		AwakeInstancesAfterBackupRestoration (9ms)
Launched and connected shader compiler UnityShaderCompiler.exe after 0.65 seconds
Refreshing native plugins compatible for Editor in 2.86 ms, found 3 plugins.
Preloading 0 native plugins for Editor in 0.00 ms.
Unloading 0 Unused Serialized files (Serialized files now loaded: 0)
Unloading 3480 unused Assets / (1.3 MB). Loaded Objects now: 3986.
Memory consumption went from 82.0 MB to 80.8 MB.
Total: 14.875200 ms (FindLiveObjects: 1.078700 ms CreateObjectMapping: 0.294000 ms MarkObjects: 12.109900 ms  DeleteObjects: 1.390300 ms)

========================================================================
Received Import Request.
  Time since last request: 415421.393789 seconds.
  path: Assets/Prefab/coin.prefab
  artifactKey: Guid(4eaed0272f45ebc488332cbc6d149166) Importer(815301076,1909f56bfc062723c751e8b465ee728b)
Start importing Assets/Prefab/coin.prefab using Guid(4eaed0272f45ebc488332cbc6d149166) Importer(815301076,1909f56bfc062723c751e8b465ee728b) (PreviewImporter) -> (artifact id: '2e6eec646f32c35d04c4d202be6300d4') in 0.04727 seconds
Number of updated asset objects reloaded before import = 0Number of asset objects unloaded after import = 8

========================================================================
Received Import Request.
  Time since last request: 0.000019 seconds.
  path: Assets/Prefab/Health.prefab
  artifactKey: Guid(b3f858f7cd5c186418737b6d5346f823) Importer(815301076,1909f56bfc062723c751e8b465ee728b)
Start importing Assets/Prefab/Health.prefab using Guid(b3f858f7cd5c186418737b6d5346f823) Importer(815301076,1909f56bfc062723c751e8b465ee728b) (PreviewImporter) -> (artifact id: 'ee8afd94b58f3c3e7a108335d7887173') in 0.0028243 seconds
Number of updated asset objects reloaded before import = 0Number of asset objects unloaded after import = 9

========================================================================
Received Import Request.
  Time since last request: 55.351568 seconds.
  path: Assets/Prefab/EnemyOne 1.prefab
  artifactKey: Guid(6d1caaf45bc3e4f45bb75378d3ed9a80) Importer(815301076,1909f56bfc062723c751e8b465ee728b)
Start importing Assets/Prefab/EnemyOne 1.prefab using Guid(6d1caaf45bc3e4f45bb75378d3ed9a80) Importer(815301076,1909f56bfc062723c751e8b465ee728b) (PreviewImporter) -> (artifact id: 'c3d065cafde691090367c11892deedc6') in 0.1788562 seconds
Number of updated asset objects reloaded before import = 0Number of asset objects unloaded after import = 339

========================================================================
Received Import Request.
  Time since last request: 0.061823 seconds.
  path: Assets/Prefab/EnemyOne 2.prefab
  artifactKey: Guid(e9a2231d25f1ca2409af5b3c71d97622) Importer(815301076,1909f56bfc062723c751e8b465ee728b)
Start importing Assets/Prefab/EnemyOne 2.prefab using Guid(e9a2231d25f1ca2409af5b3c71d97622) Importer(815301076,1909f56bfc062723c751e8b465ee728b) (PreviewImporter) -> (artifact id: '651b0b11dc8cb31769a69e4d19ed2a9a') in 0.0691663 seconds
Number of updated asset objects reloaded before import = 0Number of asset objects unloaded after import = 339

========================================================================
Received Import Request.
  Time since last request: 3.140387 seconds.
  path: Assets/Animations/Explosion.anim
  artifactKey: Guid(cb8e36d0d00e25e4182b67bd81a2a18d) Importer(2089858483,0ecaa5967403d082aa24f35e1b516d23)
Start importing Assets/Animations/Explosion.anim using Guid(cb8e36d0d00e25e4182b67bd81a2a18d) Importer(2089858483,0ecaa5967403d082aa24f35e1b516d23) (ScriptedImporter) -> (artifact id: '673c3fcede9c7acff0d09d528a71a629') in 0.1363176 seconds
Number of updated asset objects reloaded before import = 0Number of asset objects unloaded after import = 1

========================================================================
Received Import Request.
  Time since last request: 0.000438 seconds.
  path: Assets/Sprites/Coin/frame-10.png
  artifactKey: Guid(3ee261d1dd34d244c8a22fdc83303297) Importer(2089858483,0ecaa5967403d082aa24f35e1b516d23)
Start importing Assets/Sprites/Coin/frame-10.png using Guid(3ee261d1dd34d244c8a22fdc83303297) Importer(2089858483,0ecaa5967403d082aa24f35e1b516d23) (ScriptedImporter) -> (artifact id: '889af095856654bb9e5d8f6658094a72') in 0.0591237 seconds
Number of updated asset objects reloaded before import = 0Number of asset objects unloaded after import = 1

========================================================================
Received Import Request.
  Time since last request: 0.000054 seconds.
  path: Assets/Audio/gainlife.wav
  artifactKey: Guid(b403d3f2363dc8d4bb065d19a7919002) Importer(2089858483,0ecaa5967403d082aa24f35e1b516d23)
Start importing Assets/Audio/gainlife.wav using Guid(b403d3f2363dc8d4bb065d19a7919002) Importer(2089858483,0ecaa5967403d082aa24f35e1b516d23) (ScriptedImporter) -> (artifact id: '35ceca15d3eb4aa2004b941ba40e5919') in 0.0337857 seconds
Number of updated asset objects reloaded before import = 0Number of asset objects unloaded after import = 1

========================================================================
Received Import Request.
  Time since last request: 0.000062 seconds.
  path: Assets/Sprites/Explosion/Explosion_00044.png
  artifactKey: Guid(bfdbfd82308e4db4ba188923a65dcc5c) Importer(2089858483,0ecaa5967403d082aa24f35e1b516d23)
Start importing Assets/Sprites/Explosion/Explosion_00044.png using Guid(bfdbfd82308e4db4ba188923a65dcc5c) Importer(2089858483,0ecaa5967403d082aa24f35e1b516d23) (ScriptedImporter) -> (artifact id: 'b11be53824b7c64b080f9ed87573493e') in 0.0210876 seconds
Number of updated asset objects reloaded before import = 0Number of asset objects unloaded after import = 3

========================================================================
Received Import Request.
  Time since last request: 0.000036 seconds.
  path: Assets/Sprites/Explosion/Explosion_00002.png
  artifactKey: Guid(11c609c53a89d7e4c985a61ce8b19340) Importer(2089858483,0ecaa5967403d082aa24f35e1b516d23)
Start importing Assets/Sprites/Explosion/Explosion_00002.png using Guid(11c609c53a89d7e4c985a61ce8b19340) Importer(2089858483,0ecaa5967403d082aa24f35e1b516d23) (ScriptedImporter) -> (artifact id: '47627aeee67adf0c5efab93121512cdd') in 0.0155776 seconds
Number of updated asset objects reloaded before import = 0Number of asset objects unloaded after import = 3

========================================================================
Received Import Request.
  Time since last request: 0.000022 seconds.
  path: Assets/Audio/explosion_sound.wav
  artifactKey: Guid(ec48bc6fd0610e74090bfad745853ad5) Importer(2089858483,0ecaa5967403d082aa24f35e1b516d23)
Start importing Assets/Audio/explosion_sound.wav using Guid(ec48bc6fd0610e74090bfad745853ad5) Importer(2089858483,0ecaa5967403d082aa24f35e1b516d23) (ScriptedImporter) -> (artifact id: 'a71127454be406ad85b9bab69a914c78') in 0.0383242 seconds
Number of updated asset objects reloaded before import = 0Number of asset objects unloaded after import = 1

========================================================================
Received Import Request.
  Time since last request: 0.000435 seconds.
  path: Assets/Sprites/Coin/frame-2.png
  artifactKey: Guid(027ec9bea289dfa4284978a8d9e6dfdb) Importer(2089858483,0ecaa5967403d082aa24f35e1b516d23)
Start importing Assets/Sprites/Coin/frame-2.png using Guid(027ec9bea289dfa4284978a8d9e6dfdb) Importer(2089858483,0ecaa5967403d082aa24f35e1b516d23) (ScriptedImporter) -> (artifact id: '1180640cca0b873d2daef5ae9f932f5e') in 0.0184791 seconds
Number of updated asset objects reloaded before import = 0Number of asset objects unloaded after import = 1

========================================================================
Received Import Request.
  Time since last request: 0.000023 seconds.
  path: Assets/Scripts/Cloud.cs
  artifactKey: Guid(0921323da3aa0e04894eb1a198e75a57) Importer(2089858483,0ecaa5967403d082aa24f35e1b516d23)
Start importing Assets/Scripts/Cloud.cs using Guid(0921323da3aa0e04894eb1a198e75a57) Importer(2089858483,0ecaa5967403d082aa24f35e1b516d23) (ScriptedImporter) -> (artifact id: '558e9db3463a25bc7865741ecb5413b5') in 0.006703 seconds
Number of updated asset objects reloaded before import = 0Number of asset objects unloaded after import = 0

========================================================================
Received Import Request.
  Time since last request: 0.000023 seconds.
  path: Assets/Sprites/Explosion/Explosion_00029.png
  artifactKey: Guid(98e4a6882acdcda4fa0234b8ec4b169e) Importer(2089858483,0ecaa5967403d082aa24f35e1b516d23)
Start importing Assets/Sprites/Explosion/Explosion_00029.png using Guid(98e4a6882acdcda4fa0234b8ec4b169e) Importer(2089858483,0ecaa5967403d082aa24f35e1b516d23) (ScriptedImporter) -> (artifact id: 'ba6642f3123bc69339b48c3a8acd0d47') in 0.0161476 seconds
Number of updated asset objects reloaded before import = 0Number of asset objects unloaded after import = 3

========================================================================
Received Import Request.
  Time since last request: 0.000054 seconds.
  path: Assets/Sprites/Explosion/Explosion_00042.png
  artifactKey: Guid(e7a604c5191cac04a80bfe17244daad1) Importer(2089858483,0ecaa5967403d082aa24f35e1b516d23)
Start importing Assets/Sprites/Explosion/Explosion_00042.png using Guid(e7a604c5191cac04a80bfe17244daad1) Importer(2089858483,0ecaa5967403d082aa24f35e1b516d23) (ScriptedImporter) -> (artifact id: '8c5e67ed604416df7ffcfd85a92a696e') in 0.0212111 seconds
Number of updated asset objects reloaded before import = 0Number of asset objects unloaded after import = 3

========================================================================
Received Import Request.
  Time since last request: 0.000017 seconds.
  path: Assets/Prefab/Bullet.prefab
  artifactKey: Guid(b1eed6253aa069845b0edf3f90db799d) Importer(2089858483,0ecaa5967403d082aa24f35e1b516d23)
Start importing Assets/Prefab/Bullet.prefab using Guid(b1eed6253aa069845b0edf3f90db799d) Importer(2089858483,0ecaa5967403d082aa24f35e1b516d23) (ScriptedImporter) -> (artifact id: 'fa0993b57b65b06351723f560d1bbd5e') in 0.0824363 seconds
Number of updated asset objects reloaded before import = 0Number of asset objects unloaded after import = 12

========================================================================
Received Import Request.
  Time since last request: 0.000026 seconds.
  path: Assets/_Recovery/0.unity
  artifactKey: Guid(441e270131b91a54286dce3d9949650d) Importer(2089858483,0ecaa5967403d082aa24f35e1b516d23)
Start importing Assets/_Recovery/0.unity using Guid(441e270131b91a54286dce3d9949650d) Importer(2089858483,0ecaa5967403d082aa24f35e1b516d23) (ScriptedImporter) -> (artifact id: '6c6efd8c2a3b35d7ea820869bb6c9070') in 0.0037329 seconds
Number of updated asset objects reloaded before import = 0Number of asset objects unloaded after import = 1

========================================================================
Received Import Request.
  Time since last request: 0.000049 seconds.
  path: Assets/Sprites/Explosion/Explosion_00014.png
  artifactKey: Guid(fa6f7c2ffadb4364f93516a14002366e) Importer(2089858483,0ecaa5967403d082aa24f35e1b516d23)
Start importing Assets/Sprites/Explosion/Explosion_00014.png using Guid(fa6f7c2ffadb4364f93516a14002366e) Importer(2089858483,0ecaa5967403d082aa24f35e1b516d23) (ScriptedImporter) -> (artifact id: 'ceb25ff1709233025dcf700bb109975a') in 0.0155273 seconds
Number of updated asset objects reloaded before import = 0Number of asset objects unloaded after import = 3

========================================================================
Received Import Request.
  Time since last request: 0.000023 seconds.
  path: Assets/Sprites/Bullets/4.png
  artifactKey: Guid(8fd46e02169dfb647b8d031d3bd28987) Importer(2089858483,0ecaa5967403d082aa24f35e1b516d23)
Start importing Assets/Sprites/Bullets/4.png using Guid(8fd46e02169dfb647b8d031d3bd28987) Importer(2089858483,0ecaa5967403d082aa24f35e1b516d23) (ScriptedImporter) -> (artifact id: '9079ad01bd270f2812a2c5de7cfa1373') in 0.0153558 seconds
Number of updated asset objects reloaded before import = 0Number of asset objects unloaded after import = 1

========================================================================
Received Import Request.
  Time since last request: 0.000042 seconds.
  path: Assets/Sprites/Coin/frame-7.png
  artifactKey: Guid(da8bfdcbd205bf4468c9daad09ab0dd0) Importer(2089858483,0ecaa5967403d082aa24f35e1b516d23)
Start importing Assets/Sprites/Coin/frame-7.png using Guid(da8bfdcbd205bf4468c9daad09ab0dd0) Importer(2089858483,0ecaa5967403d082aa24f35e1b516d23) (ScriptedImporter) -> (artifact id: 'a4993aab3fd6b8c982840c602c33857b') in 0.0121387 seconds
Number of updated asset objects reloaded before import = 0Number of asset objects unloaded after import = 1

========================================================================
Received Import Request.
  Time since last request: 0.000023 seconds.
  path: Assets/Audio/powerdown.wav
  artifactKey: Guid(86237706879f3c44db594d2c5cb1f7b3) Importer(2089858483,0ecaa5967403d082aa24f35e1b516d23)
Start importing Assets/Audio/powerdown.wav using Guid(86237706879f3c44db594d2c5cb1f7b3) Importer(2089858483,0ecaa5967403d082aa24f35e1b516d23) (ScriptedImporter) -> (artifact id: '150c6ecee567cdd16fb5f42b8621fa53') in 0.037373 seconds
Number of updated asset objects reloaded before import = 0Number of asset objects unloaded after import = 1

========================================================================
Received Import Request.
  Time since last request: 0.000103 seconds.
  path: Assets/Sprites/Coin/frame-6.png
  artifactKey: Guid(d1de85cbb64090844bc935ad2a9be791) Importer(2089858483,0ecaa5967403d082aa24f35e1b516d23)
Start importing Assets/Sprites/Coin/frame-6.png using Guid(d1de85cbb64090844bc935ad2a9be791) Importer(2089858483,0ecaa5967403d082aa24f35e1b516d23) (ScriptedImporter) -> (artifact id: '820c4bb7cbdd55116e973ee737145793') in 0.0149748 seconds
Number of updated asset objects reloaded before import = 0Number of asset objects unloaded after import = 1

========================================================================
Received Import Request.
  Time since last request: 0.000080 seconds.
  path: Assets/Sprites/Bullets/3.png
  artifactKey: Guid(6f90b1e7e47efea47a9d63c6a8a25254) Importer(2089858483,0ecaa5967403d082aa24f35e1b516d23)
Start importing Assets/Sprites/Bullets/3.png using Guid(6f90b1e7e47efea47a9d63c6a8a25254) Importer(2089858483,0ecaa5967403d082aa24f35e1b516d23) (ScriptedImporter) -> (artifact id: '6b061ca3e7dcdb875c01e1658b942cc2') in 0.0169325 seconds
Number of updated asset objects reloaded before import = 0Number of asset objects unloaded after import = 3

========================================================================
Received Import Request.
  Time since last request: 0.000022 seconds.
  path: Assets/Sprites/Explosion/Explosion_00037.png
  artifactKey: Guid(67cd81fc8a4a95044a6aad79676ff187) Importer(2089858483,0ecaa5967403d082aa24f35e1b516d23)
Start importing Assets/Sprites/Explosion/Explosion_00037.png using Guid(67cd81fc8a4a95044a6aad79676ff187) Importer(2089858483,0ecaa5967403d082aa24f35e1b516d23) (ScriptedImporter) -> (artifact id: 'f143a0ec58bb6f6dc14d73efefed5ce3') in 0.0170611 seconds
Number of updated asset objects reloaded before import = 0Number of asset objects unloaded after import = 3

========================================================================
Received Import Request.
  Time since last request: 0.000024 seconds.
  path: Assets/Sprites/Explosion/Explosion_00007.png
  artifactKey: Guid(79c4e9fb1a856cc4fb8c454c1cfdd503) Importer(2089858483,0ecaa5967403d082aa24f35e1b516d23)
Start importing Assets/Sprites/Explosion/Explosion_00007.png using Guid(79c4e9fb1a856cc4fb8c454c1cfdd503) Importer(2089858483,0ecaa5967403d082aa24f35e1b516d23) (ScriptedImporter) -> (artifact id: 'dcce8d94fb5339c9fbe9394e1a608088') in 0.016593 seconds
Number of updated asset objects reloaded before import = 0Number of asset objects unloaded after import = 3

========================================================================
Received Import Request.
  Time since last request: 0.000023 seconds.
  path: Assets/Sprites/Explosion/Explosion_00039.png
  artifactKey: Guid(98e0a578da3c06846b75879872b80c10) Importer(2089858483,0ecaa5967403d082aa24f35e1b516d23)
Start importing Assets/Sprites/Explosion/Explosion_00039.png using Guid(98e0a578da3c06846b75879872b80c10) Importer(2089858483,0ecaa5967403d082aa24f35e1b516d23) (ScriptedImporter) -> (artifact id: 'ecc7bd8cb676250d9620d1f4f76ae7af') in 0.0211856 seconds
Number of updated asset objects reloaded before import = 0Number of asset objects unloaded after import = 3

========================================================================
Received Import Request.
  Time since last request: 0.000022 seconds.
  path: Assets/Sprites/Explosion/Explosion_00078.png
  artifactKey: Guid(20be9ac50db461844b41e9729aa02c98) Importer(2089858483,0ecaa5967403d082aa24f35e1b516d23)
Start importing Assets/Sprites/Explosion/Explosion_00078.png using Guid(20be9ac50db461844b41e9729aa02c98) Importer(2089858483,0ecaa5967403d082aa24f35e1b516d23) (ScriptedImporter) -> (artifact id: '109cd5fc3e58fa9b382295f2695fa15a') in 0.0129378 seconds
Number of updated asset objects reloaded before import = 0Number of asset objects unloaded after import = 3

========================================================================
Received Import Request.
  Time since last request: 0.000023 seconds.
  path: Assets/Sprites/Explosion/Explosion_00098.png
  artifactKey: Guid(c1e14bed3e7df4a4aaf7c967646f1daf) Importer(2089858483,0ecaa5967403d082aa24f35e1b516d23)
Start importing Assets/Sprites/Explosion/Explosion_00098.png using Guid(c1e14bed3e7df4a4aaf7c967646f1daf) Importer(2089858483,0ecaa5967403d082aa24f35e1b516d23) (ScriptedImporter) -> (artifact id: '870544fa00dce7b486c0e0422043f650') in 0.0152677 seconds
Number of updated asset objects reloaded before import = 0Number of asset objects unloaded after import = 3

========================================================================
Received Import Request.
  Time since last request: 0.000026 seconds.
  path: Assets/Sprites/Explosion/Explosion_00053.png
  artifactKey: Guid(cc44fab072ed511408e98927fa19d054) Importer(2089858483,0ecaa5967403d082aa24f35e1b516d23)
Start importing Assets/Sprites/Explosion/Explosion_00053.png using Guid(cc44fab072ed511408e98927fa19d054) Importer(2089858483,0ecaa5967403d082aa24f35e1b516d23) (ScriptedImporter) -> (artifact id: '8d6c456fde9e0db2d79621262bc02ac3') in 0.0152269 seconds
Number of updated asset objects reloaded before import = 0Number of asset objects unloaded after import = 3

========================================================================
Received Import Request.
  Time since last request: 0.000037 seconds.
  path: Assets/Sprites/Explosion/Explosion_00096.png
  artifactKey: Guid(0faaacd83bee844498edc28514030734) Importer(2089858483,0ecaa5967403d082aa24f35e1b516d23)
Start importing Assets/Sprites/Explosion/Explosion_00096.png using Guid(0faaacd83bee844498edc28514030734) Importer(2089858483,0ecaa5967403d082aa24f35e1b516d23) (ScriptedImporter) -> (artifact id: '5cdc3dbf42c3cd50e8a6c04608bb8fa3') in 0.0145426 seconds
Number of updated asset objects reloaded before import = 0Number of asset objects unloaded after import = 3

========================================================================
Received Import Request.
  Time since last request: 0.000023 seconds.
  path: Assets/Sprites/Explosion/Explosion_00111.png
  artifactKey: Guid(1bfc56aadfefa3347a48e80cce0af8ee) Importer(2089858483,0ecaa5967403d082aa24f35e1b516d23)
Start importing Assets/Sprites/Explosion/Explosion_00111.png using Guid(1bfc56aadfefa3347a48e80cce0af8ee) Importer(2089858483,0ecaa5967403d082aa24f35e1b516d23) (ScriptedImporter) -> (artifact id: '4c04ef7609fb7337e36190d318af4045') in 0.0163755 seconds
Number of updated asset objects reloaded before import = 0Number of asset objects unloaded after import = 3

========================================================================
Received Import Request.
  Time since last request: 0.000021 seconds.
  path: Assets/Sprites/Explosion/Explosion_00089.png
  artifactKey: Guid(f39a4d09811cbd84db04e412ea5511d2) Importer(2089858483,0ecaa5967403d082aa24f35e1b516d23)
Start importing Assets/Sprites/Explosion/Explosion_00089.png using Guid(f39a4d09811cbd84db04e412ea5511d2) Importer(2089858483,0ecaa5967403d082aa24f35e1b516d23) (ScriptedImporter) -> (artifact id: 'c2c768dd27c95d349d89391a32faa37b') in 0.0184396 seconds
Number of updated asset objects reloaded before import = 0Number of asset objects unloaded after import = 3

========================================================================
Received Import Request.
  Time since last request: 0.000022 seconds.
  path: Assets/Sprites/Explosion/Explosion_00047.png
  artifactKey: Guid(a0c5f6303f802104ca6011deeebeaaf6) Importer(2089858483,0ecaa5967403d082aa24f35e1b516d23)
Start importing Assets/Sprites/Explosion/Explosion_00047.png using Guid(a0c5f6303f802104ca6011deeebeaaf6) Importer(2089858483,0ecaa5967403d082aa24f35e1b516d23) (ScriptedImporter) -> (artifact id: 'b53983c128c39e15bbab2bacdde4c97c') in 0.0137327 seconds
Number of updated asset objects reloaded before import = 0Number of asset objects unloaded after import = 3

========================================================================
Received Import Request.
  Time since last request: 0.000021 seconds.
  path: Assets/Sprites/Explosion/Explosion_00073.png
  artifactKey: Guid(8fef98f858887164eae003c1b52be101) Importer(2089858483,0ecaa5967403d082aa24f35e1b516d23)
Start importing Assets/Sprites/Explosion/Explosion_00073.png using Guid(8fef98f858887164eae003c1b52be101) Importer(2089858483,0ecaa5967403d082aa24f35e1b516d23) (ScriptedImporter) -> (artifact id: '5f072cf35cbc3fe2296fd46746d7e9ec') in 0.0171919 seconds
Number of updated asset objects reloaded before import = 0Number of asset objects unloaded after import = 3

========================================================================
Received Import Request.
  Time since last request: 0.000023 seconds.
  path: Assets/Sprites/Explosion/Explosion_00102.png
  artifactKey: Guid(7c5b2927e12ce394f887add6f2ddda49) Importer(2089858483,0ecaa5967403d082aa24f35e1b516d23)
Start importing Assets/Sprites/Explosion/Explosion_00102.png using Guid(7c5b2927e12ce394f887add6f2ddda49) Importer(2089858483,0ecaa5967403d082aa24f35e1b516d23) (ScriptedImporter) -> (artifact id: 'd1d880e8c577bd1c13e8d0b3517f7497') in 0.0142709 seconds
Number of updated asset objects reloaded before import = 0Number of asset objects unloaded after import = 3

========================================================================
Received Import Request.
  Time since last request: 0.000023 seconds.
  path: Assets/Sprites/Explosion/Explosion_00108.png
  artifactKey: Guid(e5185ad3206cd7445b06bba04efb9f22) Importer(2089858483,0ecaa5967403d082aa24f35e1b516d23)
Start importing Assets/Sprites/Explosion/Explosion_00108.png using Guid(e5185ad3206cd7445b06bba04efb9f22) Importer(2089858483,0ecaa5967403d082aa24f35e1b516d23) (ScriptedImporter) -> (artifact id: '075832eafb44c0c168e844b59498cc7c') in 0.0163567 seconds
Number of updated asset objects reloaded before import = 0Number of asset objects unloaded after import = 3

========================================================================
Received Import Request.
  Time since last request: 0.000022 seconds.
  path: Assets/Sprites/Explosion/Explosion_00091.png
  artifactKey: Guid(08f07ca502486be409db63a576c85638) Importer(2089858483,0ecaa5967403d082aa24f35e1b516d23)
Start importing Assets/Sprites/Explosion/Explosion_00091.png using Guid(08f07ca502486be409db63a576c85638) Importer(2089858483,0ecaa5967403d082aa24f35e1b516d23) (ScriptedImporter) -> (artifact id: 'c809ae1d6ad22178554a05f319234400') in 0.0166714 seconds
Number of updated asset objects reloaded before import = 0Number of asset objects unloaded after import = 3

========================================================================
Received Import Request.
  Time since last request: 0.000018 seconds.
  path: Assets/Sprites/Explosion/Explosion_00077.png
  artifactKey: Guid(e35f137e3161cfe4f82c8bb98aaeb3c9) Importer(2089858483,0ecaa5967403d082aa24f35e1b516d23)
Start importing Assets/Sprites/Explosion/Explosion_00077.png using Guid(e35f137e3161cfe4f82c8bb98aaeb3c9) Importer(2089858483,0ecaa5967403d082aa24f35e1b516d23) (ScriptedImporter) -> (artifact id: 'f2e9057678e9cc48c507f3d6de178ec7') in 0.0149182 seconds
Number of updated asset objects reloaded before import = 0Number of asset objects unloaded after import = 3

========================================================================
Received Import Request.
  Time since last request: 0.000023 seconds.
  path: Assets/Sprites/Explosion/Explosion_00056.png
  artifactKey: Guid(445da73fd945ffd4989899d9e8602b6f) Importer(2089858483,0ecaa5967403d082aa24f35e1b516d23)
Start importing Assets/Sprites/Explosion/Explosion_00056.png using Guid(445da73fd945ffd4989899d9e8602b6f) Importer(2089858483,0ecaa5967403d082aa24f35e1b516d23) (ScriptedImporter) -> (artifact id: 'c027afe2708aa06d7961103d9f639823') in 0.0211433 seconds
Number of updated asset objects reloaded before import = 0Number of asset objects unloaded after import = 3

========================================================================
Received Import Request.
  Time since last request: 0.000127 seconds.
  path: Assets/Sprites/Explosion/Explosion_00097.png
  artifactKey: Guid(e2697b6e61b16fd47b64ca2091aec1bc) Importer(2089858483,0ecaa5967403d082aa24f35e1b516d23)
Start importing Assets/Sprites/Explosion/Explosion_00097.png using Guid(e2697b6e61b16fd47b64ca2091aec1bc) Importer(2089858483,0ecaa5967403d082aa24f35e1b516d23) (ScriptedImporter) -> (artifact id: '53e78f9d12757c6578b46249c4bdddbb') in 0.0144557 seconds
Number of updated asset objects reloaded before import = 0Number of asset objects unloaded after import = 3

========================================================================
Received Import Request.
  Time since last request: 0.000021 seconds.
  path: Assets/Sprites/Explosion/Explosion_00090.png
  artifactKey: Guid(ceb4735c74f67e946849d9b0bc7854ed) Importer(2089858483,0ecaa5967403d082aa24f35e1b516d23)
Start importing Assets/Sprites/Explosion/Explosion_00090.png using Guid(ceb4735c74f67e946849d9b0bc7854ed) Importer(2089858483,0ecaa5967403d082aa24f35e1b516d23) (ScriptedImporter) -> (artifact id: 'b80944a96d2008ca4758d4fc1835e28f') in 0.0153323 seconds
Number of updated asset objects reloaded before import = 0Number of asset objects unloaded after import = 3

========================================================================
Received Import Request.
  Time since last request: 0.000026 seconds.
  path: Assets/Sprites/Explosion/Explosion_00092.png
  artifactKey: Guid(3a969ff0630f8c24aa6b06cbee8b6244) Importer(2089858483,0ecaa5967403d082aa24f35e1b516d23)
Start importing Assets/Sprites/Explosion/Explosion_00092.png using Guid(3a969ff0630f8c24aa6b06cbee8b6244) Importer(2089858483,0ecaa5967403d082aa24f35e1b516d23) (ScriptedImporter) -> (artifact id: 'a5b76eb1e179e5308dd46d8efc2b1a2b') in 0.0161773 seconds
Number of updated asset objects reloaded before import = 0Number of asset objects unloaded after import = 3

========================================================================
Received Import Request.
  Time since last request: 0.000032 seconds.
  path: Assets/Sprites/Coin/frame-3.png
  artifactKey: Guid(d85f96bcf24b0924096992b388892cd6) Importer(2089858483,0ecaa5967403d082aa24f35e1b516d23)
Start importing Assets/Sprites/Coin/frame-3.png using Guid(d85f96bcf24b0924096992b388892cd6) Importer(2089858483,0ecaa5967403d082aa24f35e1b516d23) (ScriptedImporter) -> (artifact id: 'e5ab0349c726879337965230124b291c') in 0.0131154 seconds
Number of updated asset objects reloaded before import = 0Number of asset objects unloaded after import = 1

========================================================================
Received Import Request.
  Time since last request: 0.000058 seconds.
  path: Assets/Sprites/Explosion/Explosion_00036.png
  artifactKey: Guid(f0f67328862cf3d4a86fcb8109c9f521) Importer(2089858483,0ecaa5967403d082aa24f35e1b516d23)
Start importing Assets/Sprites/Explosion/Explosion_00036.png using Guid(f0f67328862cf3d4a86fcb8109c9f521) Importer(2089858483,0ecaa5967403d082aa24f35e1b516d23) (ScriptedImporter) -> (artifact id: '569bbf503ff8270c695f7ebe4915120d') in 0.0158172 seconds
Number of updated asset objects reloaded before import = 0Number of asset objects unloaded after import = 3

========================================================================
Received Import Request.
  Time since last request: 0.000022 seconds.
  path: Assets/Sprites/Explosion/Explosion_00060.png
  artifactKey: Guid(8bce370fd17e1a74393387facbac2bfe) Importer(2089858483,0ecaa5967403d082aa24f35e1b516d23)
Start importing Assets/Sprites/Explosion/Explosion_00060.png using Guid(8bce370fd17e1a74393387facbac2bfe) Importer(2089858483,0ecaa5967403d082aa24f35e1b516d23) (ScriptedImporter) -> (artifact id: '77bb260c9a525cd56903451533bafe75') in 0.0132726 seconds
Number of updated asset objects reloaded before import = 0Number of asset objects unloaded after import = 3

========================================================================
Received Import Request.
  Time since last request: 0.000019 seconds.
  path: Assets/Sprites/Explosion/Explosion_00105.png
  artifactKey: Guid(346020f3bbdca4240a637ef2218c73ee) Importer(2089858483,0ecaa5967403d082aa24f35e1b516d23)
Start importing Assets/Sprites/Explosion/Explosion_00105.png using Guid(346020f3bbdca4240a637ef2218c73ee) Importer(2089858483,0ecaa5967403d082aa24f35e1b516d23) (ScriptedImporter) -> (artifact id: '8bf389c723609162dfd0b6774ab46612') in 0.01445 seconds
Number of updated asset objects reloaded before import = 0Number of asset objects unloaded after import = 3

========================================================================
Received Import Request.
  Time since last request: 0.000023 seconds.
  path: Assets/Sprites/Explosion/Explosion_00016.png
  artifactKey: Guid(aaaa9966750e6714e8fb66ed9c3f336a) Importer(2089858483,0ecaa5967403d082aa24f35e1b516d23)
Start importing Assets/Sprites/Explosion/Explosion_00016.png using Guid(aaaa9966750e6714e8fb66ed9c3f336a) Importer(2089858483,0ecaa5967403d082aa24f35e1b516d23) (ScriptedImporter) -> (artifact id: '3fe0da3c2e6e08305fe1a7f194ba0d94') in 0.0147122 seconds
Number of updated asset objects reloaded before import = 0Number of asset objects unloaded after import = 3

========================================================================
Received Import Request.
  Time since last request: 0.000022 seconds.
  path: Assets/Scripts/PlayerController.cs
  artifactKey: Guid(d6cd60caef9c0cb4eac00f38203cd42c) Importer(2089858483,0ecaa5967403d082aa24f35e1b516d23)
Start importing Assets/Scripts/PlayerController.cs using Guid(d6cd60caef9c0cb4eac00f38203cd42c) Importer(2089858483,0ecaa5967403d082aa24f35e1b516d23) (ScriptedImporter) -> (artifact id: '0bab29ee8c24bea9e534e5facefc773a') in 0.0064878 seconds
Number of updated asset objects reloaded before import = 0Number of asset objects unloaded after import = 0

========================================================================
Received Import Request.
  Time since last request: 0.000102 seconds.
  path: Assets/Sprites/Explosion/Explosion_00000.png
  artifactKey: Guid(493665692101bf047ba0234b472dc345) Importer(2089858483,0ecaa5967403d082aa24f35e1b516d23)
Start importing Assets/Sprites/Explosion/Explosion_00000.png using Guid(493665692101bf047ba0234b472dc345) Importer(2089858483,0ecaa5967403d082aa24f35e1b516d23) (ScriptedImporter) -> (artifact id: '9850bdbd18a8e7aba1b0fa321b57d441') in 0.0155569 seconds
Number of updated asset objects reloaded before import = 0Number of asset objects unloaded after import = 3

========================================================================
Received Import Request.
  Time since last request: 0.000353 seconds.
  path: Assets/Sprites/Explosion/Explosion_00040.png
  artifactKey: Guid(a55ac6e12a396154a85b4005d63d8952) Importer(2089858483,0ecaa5967403d082aa24f35e1b516d23)
Start importing Assets/Sprites/Explosion/Explosion_00040.png using Guid(a55ac6e12a396154a85b4005d63d8952) Importer(2089858483,0ecaa5967403d082aa24f35e1b516d23) (ScriptedImporter) -> (artifact id: '0aa43284eff7c0e179d532b0790f4985') in 0.0156997 seconds
Number of updated asset objects reloaded before import = 0Number of asset objects unloaded after import = 3

========================================================================
Received Import Request.
  Time since last request: 0.000020 seconds.
  path: Assets/Sprites/Explosion/Explosion_00095.png
  artifactKey: Guid(33fbe7daabb65f64da56fe6fd822167f) Importer(2089858483,0ecaa5967403d082aa24f35e1b516d23)
Start importing Assets/Sprites/Explosion/Explosion_00095.png using Guid(33fbe7daabb65f64da56fe6fd822167f) Importer(2089858483,0ecaa5967403d082aa24f35e1b516d23) (ScriptedImporter) -> (artifact id: 'fb536169599b713e214d0d7cbada572d') in 0.0168596 seconds
Number of updated asset objects reloaded before import = 0Number of asset objects unloaded after import = 3

========================================================================
Received Import Request.
  Time since last request: 0.000066 seconds.
  path: Assets/Sprites/Explosion/Explosion_00041.png
  artifactKey: Guid(f4ba384fbbf8c0145b2ddf3ec1e3986b) Importer(2089858483,0ecaa5967403d082aa24f35e1b516d23)
Start importing Assets/Sprites/Explosion/Explosion_00041.png using Guid(f4ba384fbbf8c0145b2ddf3ec1e3986b) Importer(2089858483,0ecaa5967403d082aa24f35e1b516d23) (ScriptedImporter) -> (artifact id: '591efc2f93b749089f9a36271ea719c9') in 0.0145859 seconds
Number of updated asset objects reloaded before import = 0Number of asset objects unloaded after import = 3

========================================================================
Received Import Request.
  Time since last request: 0.000022 seconds.
  path: Assets/Sprites/Explosion/Explosion_00012.png
  artifactKey: Guid(179e839bb185bde49b4fe0e67b5a5b9b) Importer(2089858483,0ecaa5967403d082aa24f35e1b516d23)
Start importing Assets/Sprites/Explosion/Explosion_00012.png using Guid(179e839bb185bde49b4fe0e67b5a5b9b) Importer(2089858483,0ecaa5967403d082aa24f35e1b516d23) (ScriptedImporter) -> (artifact id: 'd4cf61d9a0ddf3483d879153296d7830') in 0.0158087 seconds
Number of updated asset objects reloaded before import = 0Number of asset objects unloaded after import = 3

========================================================================
Received Import Request.
  Time since last request: 0.000023 seconds.
  path: Assets/Sprites/Explosion/Explosion_00018.png
  artifactKey: Guid(0bf6ea29605a2bc40b9fdd0edf65271b) Importer(2089858483,0ecaa5967403d082aa24f35e1b516d23)
Start importing Assets/Sprites/Explosion/Explosion_00018.png using Guid(0bf6ea29605a2bc40b9fdd0edf65271b) Importer(2089858483,0ecaa5967403d082aa24f35e1b516d23) (ScriptedImporter) -> (artifact id: '8178c9983b8f085a2e484bf7ac9c8aed') in 0.0168477 seconds
Number of updated asset objects reloaded before import = 0Number of asset objects unloaded after import = 3

========================================================================
Received Import Request.
  Time since last request: 0.000022 seconds.
  path: Assets/Scripts/Health.cs
  artifactKey: Guid(5ac760a3304848644a4a0de623058752) Importer(2089858483,0ecaa5967403d082aa24f35e1b516d23)
Start importing Assets/Scripts/Health.cs using Guid(5ac760a3304848644a4a0de623058752) Importer(2089858483,0ecaa5967403d082aa24f35e1b516d23) (ScriptedImporter) -> (artifact id: 'f2dc26165a9568ce6a73c34fe5e7c03c') in 0.0043121 seconds
Number of updated asset objects reloaded before import = 0Number of asset objects unloaded after import = 0

========================================================================
Received Import Request.
  Time since last request: 0.000061 seconds.
  path: Assets/Sprites/Explosion/Explosion_00011.png
  artifactKey: Guid(597045bcc90942b4490dbc85ff59e9ec) Importer(2089858483,0ecaa5967403d082aa24f35e1b516d23)
Start importing Assets/Sprites/Explosion/Explosion_00011.png using Guid(597045bcc90942b4490dbc85ff59e9ec) Importer(2089858483,0ecaa5967403d082aa24f35e1b516d23) (ScriptedImporter) -> (artifact id: '80744ebc2e63344d4e79e64255703ddd') in 0.017526 seconds
Number of updated asset objects reloaded before import = 0Number of asset objects unloaded after import = 3

========================================================================
Received Import Request.
  Time since last request: 0.000030 seconds.
  path: Assets/Scripts/MainMenu.cs
  artifactKey: Guid(faec126e4a05a64418cae89b8abf96c9) Importer(2089858483,0ecaa5967403d082aa24f35e1b516d23)
Start importing Assets/Scripts/MainMenu.cs using Guid(faec126e4a05a64418cae89b8abf96c9) Importer(2089858483,0ecaa5967403d082aa24f35e1b516d23) (ScriptedImporter) -> (artifact id: 'befa099c2b05a90aa6b278abbf651f70') in 0.0049367 seconds
Number of updated asset objects reloaded before import = 0Number of asset objects unloaded after import = 0

========================================================================
Received Import Request.
  Time since last request: 0.000212 seconds.
  path: Assets/Sprites/Explosion/Explosion_00030.png
  artifactKey: Guid(656a853bad655c2419a25f8f8cf11e0c) Importer(2089858483,0ecaa5967403d082aa24f35e1b516d23)
Start importing Assets/Sprites/Explosion/Explosion_00030.png using Guid(656a853bad655c2419a25f8f8cf11e0c) Importer(2089858483,0ecaa5967403d082aa24f35e1b516d23) (ScriptedImporter) -> (artifact id: 'd1fdd655a4e1b26f019966567e6c88fd') in 0.0195331 seconds
Number of updated asset objects reloaded before import = 0Number of asset objects unloaded after import = 3

========================================================================
Received Import Request.
  Time since last request: 0.000020 seconds.
  path: Assets/Sprites/Explosion/Explosion_00151.png
  artifactKey: Guid(5b8347fa07030f24780c4fcf3c398f15) Importer(2089858483,0ecaa5967403d082aa24f35e1b516d23)
Start importing Assets/Sprites/Explosion/Explosion_00151.png using Guid(5b8347fa07030f24780c4fcf3c398f15) Importer(2089858483,0ecaa5967403d082aa24f35e1b516d23) (ScriptedImporter) -> (artifact id: '8b338a9c5dbbb4cfeb4852e56d987e18') in 0.0147324 seconds
Number of updated asset objects reloaded before import = 0Number of asset objects unloaded after import = 3

========================================================================
Received Import Request.
  Time since last request: 0.000038 seconds.
  path: Assets/Sprites/Player_Shield/Shields_00014.png
  artifactKey: Guid(320ade8ffd99c6f4b99f55cf8ec0ac8a) Importer(2089858483,0ecaa5967403d082aa24f35e1b516d23)
Start importing Assets/Sprites/Player_Shield/Shields_00014.png using Guid(320ade8ffd99c6f4b99f55cf8ec0ac8a) Importer(2089858483,0ecaa5967403d082aa24f35e1b516d23) (ScriptedImporter) -> (artifact id: '1324177b70e0a854277764f3072ef510') in 0.0183095 seconds
Number of updated asset objects reloaded before import = 0Number of asset objects unloaded after import = 3

========================================================================
Received Import Request.
  Time since last request: 0.000077 seconds.
  path: Assets/Sprites/Player_Shield/Shields_00011.png
  artifactKey: Guid(a532da9bb22649d41a4f53ff184d58d9) Importer(2089858483,0ecaa5967403d082aa24f35e1b516d23)
Start importing Assets/Sprites/Player_Shield/Shields_00011.png using Guid(a532da9bb22649d41a4f53ff184d58d9) Importer(2089858483,0ecaa5967403d082aa24f35e1b516d23) (ScriptedImporter) -> (artifact id: '48e35fedf778d118ad1cf9803f6202f5') in 0.0146403 seconds
Number of updated asset objects reloaded before import = 0Number of asset objects unloaded after import = 3

========================================================================
Received Import Request.
  Time since last request: 0.000051 seconds.
  path: Assets/Sprites/Thruster/Thruster_00009.png
  artifactKey: Guid(435784e017ba0de4e8908ec0b37477fc) Importer(2089858483,0ecaa5967403d082aa24f35e1b516d23)
Start importing Assets/Sprites/Thruster/Thruster_00009.png using Guid(435784e017ba0de4e8908ec0b37477fc) Importer(2089858483,0ecaa5967403d082aa24f35e1b516d23) (ScriptedImporter) -> (artifact id: '9a710173c294d1c98c534759d9cb0d76') in 0.0175815 seconds
Number of updated asset objects reloaded before import = 0Number of asset objects unloaded after import = 3

========================================================================
Received Import Request.
  Time since last request: 0.000022 seconds.
  path: Assets/Sprites/Player_Shield/Shields_00012.png
  artifactKey: Guid(9cc17cf432551204999cc4ee521a0848) Importer(2089858483,0ecaa5967403d082aa24f35e1b516d23)
Start importing Assets/Sprites/Player_Shield/Shields_00012.png using Guid(9cc17cf432551204999cc4ee521a0848) Importer(2089858483,0ecaa5967403d082aa24f35e1b516d23) (ScriptedImporter) -> (artifact id: '6a3cd56a3e3f6521d02506036072bdfe') in 0.0172041 seconds
Number of updated asset objects reloaded before import = 0Number of asset objects unloaded after import = 3

========================================================================
Received Import Request.
  Time since last request: 0.000021 seconds.
  path: Assets/Sprites/Explosion/Explosion_00123.png
  artifactKey: Guid(6b98facad8a69de48819256b28fde22e) Importer(2089858483,0ecaa5967403d082aa24f35e1b516d23)
Start importing Assets/Sprites/Explosion/Explosion_00123.png using Guid(6b98facad8a69de48819256b28fde22e) Importer(2089858483,0ecaa5967403d082aa24f35e1b516d23) (ScriptedImporter) -> (artifact id: '8a6fbbfa896fe61730f6b1b3f4bf16bd') in 0.0189065 seconds
Number of updated asset objects reloaded before import = 0Number of asset objects unloaded after import = 3

========================================================================
Received Import Request.
  Time since last request: 0.000026 seconds.
  path: Assets/Sprites/Explosion/Explosion_00141.png
  artifactKey: Guid(7fd41fa2cf2d4944ab46a823d49c6f14) Importer(2089858483,0ecaa5967403d082aa24f35e1b516d23)
Start importing Assets/Sprites/Explosion/Explosion_00141.png using Guid(7fd41fa2cf2d4944ab46a823d49c6f14) Importer(2089858483,0ecaa5967403d082aa24f35e1b516d23) (ScriptedImporter) -> (artifact id: '8e61a340f1a8fb98dc4b17e2a3a610e3') in 0.0192142 seconds
Number of updated asset objects reloaded before import = 0Number of asset objects unloaded after import = 3

========================================================================
Received Import Request.
  Time since last request: 0.000022 seconds.
  path: Assets/Sprites/Health/frame-6.png
  artifactKey: Guid(505835f186c79a24eac565a27c60b566) Importer(2089858483,0ecaa5967403d082aa24f35e1b516d23)
Start importing Assets/Sprites/Health/frame-6.png using Guid(505835f186c79a24eac565a27c60b566) Importer(2089858483,0ecaa5967403d082aa24f35e1b516d23) (ScriptedImporter) -> (artifact id: 'bbe547cba8f969a06b791d45d419afc1') in 0.014804 seconds
Number of updated asset objects reloaded before import = 0Number of asset objects unloaded after import = 1

========================================================================
Received Import Request.
  Time since last request: 0.000021 seconds.
  path: Assets/Sprites/Player_Shield/Shields_00007.png
  artifactKey: Guid(f2410fa3de034964597400b7b5b47ee6) Importer(2089858483,0ecaa5967403d082aa24f35e1b516d23)
Start importing Assets/Sprites/Player_Shield/Shields_00007.png using Guid(f2410fa3de034964597400b7b5b47ee6) Importer(2089858483,0ecaa5967403d082aa24f35e1b516d23) (ScriptedImporter) -> (artifact id: 'ac8381af443e0371de1ed1556d27a993') in 0.0150445 seconds
Number of updated asset objects reloaded before import = 0Number of asset objects unloaded after import = 3

========================================================================
Received Import Request.
  Time since last request: 0.000023 seconds.
  path: Assets/Sprites/Health/frame-7.png
  artifactKey: Guid(9a75c7e8df0ad91409415ceff7e704f3) Importer(2089858483,0ecaa5967403d082aa24f35e1b516d23)
Start importing Assets/Sprites/Health/frame-7.png using Guid(9a75c7e8df0ad91409415ceff7e704f3) Importer(2089858483,0ecaa5967403d082aa24f35e1b516d23) (ScriptedImporter) -> (artifact id: 'b75676b843688cf83143c0281b9042f9') in 0.0148123 seconds
Number of updated asset objects reloaded before import = 0Number of asset objects unloaded after import = 1

========================================================================
Received Import Request.
  Time since last request: 0.000021 seconds.
  path: Assets/Sprites/Health/frame-8.png
  artifactKey: Guid(5a882eb19ec00964ab15ba814a3ffafb) Importer(2089858483,0ecaa5967403d082aa24f35e1b516d23)
Start importing Assets/Sprites/Health/frame-8.png using Guid(5a882eb19ec00964ab15ba814a3ffafb) Importer(2089858483,0ecaa5967403d082aa24f35e1b516d23) (ScriptedImporter) -> (artifact id: '4f9d7cf6e2a9286a4b2227c6db844238') in 0.016481 seconds
Number of updated asset objects reloaded before import = 0Number of asset objects unloaded after import = 1

========================================================================
Received Import Request.
  Time since last request: 0.000038 seconds.
  path: Assets/Sprites/Explosion/Explosion_00154.png
  artifactKey: Guid(2d6f8f6ac3f8d6c4fa2c08f066c82788) Importer(2089858483,0ecaa5967403d082aa24f35e1b516d23)
Start importing Assets/Sprites/Explosion/Explosion_00154.png using Guid(2d6f8f6ac3f8d6c4fa2c08f066c82788) Importer(2089858483,0ecaa5967403d082aa24f35e1b516d23) (ScriptedImporter) -> (artifact id: '5ceacc8dc3ea738d1f2421ae4f733af2') in 0.0186577 seconds
Number of updated asset objects reloaded before import = 0Number of asset objects unloaded after import = 3

========================================================================
Received Import Request.
  Time since last request: 0.000023 seconds.
  path: Assets/Sprites/Player_Shield/Shields_00000.png
  artifactKey: Guid(8b95276f523f4d64ca4d8155757e8215) Importer(2089858483,0ecaa5967403d082aa24f35e1b516d23)
Start importing Assets/Sprites/Player_Shield/Shields_00000.png using Guid(8b95276f523f4d64ca4d8155757e8215) Importer(2089858483,0ecaa5967403d082aa24f35e1b516d23) (ScriptedImporter) -> (artifact id: '67787f44643b50f46eea535921585d61') in 0.0178851 seconds
Number of updated asset objects reloaded before import = 0Number of asset objects unloaded after import = 3

========================================================================
Received Import Request.
  Time since last request: 0.000024 seconds.
  path: Assets/Sprites/Thruster/Thruster_00000.png
  artifactKey: Guid(bff72085bdee38c40943dcff5b226dde) Importer(2089858483,0ecaa5967403d082aa24f35e1b516d23)
Start importing Assets/Sprites/Thruster/Thruster_00000.png using Guid(bff72085bdee38c40943dcff5b226dde) Importer(2089858483,0ecaa5967403d082aa24f35e1b516d23) (ScriptedImporter) -> (artifact id: 'be2e2249dc1224af285e1325cc5c0910') in 0.0169167 seconds
Number of updated asset objects reloaded before import = 0Number of asset objects unloaded after import = 3

========================================================================
Received Import Request.
  Time since last request: 0.000741 seconds.
  path: Assets/Sprites/Explosion/Explosion_00128.png
  artifactKey: Guid(e56a6e571e39c694fb9119535a0aca40) Importer(2089858483,0ecaa5967403d082aa24f35e1b516d23)
Start importing Assets/Sprites/Explosion/Explosion_00128.png using Guid(e56a6e571e39c694fb9119535a0aca40) Importer(2089858483,0ecaa5967403d082aa24f35e1b516d23) (ScriptedImporter) -> (artifact id: '3203d375948cd443510dc2c563b29996') in 0.0172209 seconds
Number of updated asset objects reloaded before import = 0Number of asset objects unloaded after import = 3

========================================================================
Received Import Request.
  Time since last request: 0.000023 seconds.
  path: Assets/Sprites/Player_Shield/Shields_00013.png
  artifactKey: Guid(73449d27a23c20e42984b6ae58561d56) Importer(2089858483,0ecaa5967403d082aa24f35e1b516d23)
Start importing Assets/Sprites/Player_Shield/Shields_00013.png using Guid(73449d27a23c20e42984b6ae58561d56) Importer(2089858483,0ecaa5967403d082aa24f35e1b516d23) (ScriptedImporter) -> (artifact id: '7ead111dda457e6d4b4a3e516f9d162e') in 0.0153018 seconds
Number of updated asset objects reloaded before import = 0Number of asset objects unloaded after import = 3

========================================================================
Received Import Request.
  Time since last request: 0.000025 seconds.
  path: Assets/Sprites/Power Ups/frame-2.png
  artifactKey: Guid(a688d4f849b30c048ad7ce9a415023dc) Importer(2089858483,0ecaa5967403d082aa24f35e1b516d23)
Start importing Assets/Sprites/Power Ups/frame-2.png using Guid(a688d4f849b30c048ad7ce9a415023dc) Importer(2089858483,0ecaa5967403d082aa24f35e1b516d23) (ScriptedImporter) -> (artifact id: '5bad06c83ed3cb4d45103ec08b2db46a') in 0.0187954 seconds
Number of updated asset objects reloaded before import = 0Number of asset objects unloaded after import = 3

========================================================================
Received Import Request.
  Time since last request: 0.000025 seconds.
  path: Assets/Sprites/Power Ups/frame-7.png
  artifactKey: Guid(a529a16b831b7a746bd8c0332b086583) Importer(2089858483,0ecaa5967403d082aa24f35e1b516d23)
Start importing Assets/Sprites/Power Ups/frame-7.png using Guid(a529a16b831b7a746bd8c0332b086583) Importer(2089858483,0ecaa5967403d082aa24f35e1b516d23) (ScriptedImporter) -> (artifact id: '507d39f93f2b43d406d5384edd6f0e49') in 0.0207143 seconds
Number of updated asset objects reloaded before import = 0Number of asset objects unloaded after import = 3

========================================================================
Received Import Request.
  Time since last request: 0.000025 seconds.
  path: Assets/Sprites/Explosion/Explosion_00114.png
  artifactKey: Guid(170ca70d223232a4480a865b70a58101) Importer(2089858483,0ecaa5967403d082aa24f35e1b516d23)
Start importing Assets/Sprites/Explosion/Explosion_00114.png using Guid(170ca70d223232a4480a865b70a58101) Importer(2089858483,0ecaa5967403d082aa24f35e1b516d23) (ScriptedImporter) -> (artifact id: '87931b0f9284255fe5bf5f9eb4efa61f') in 0.0170306 seconds
Number of updated asset objects reloaded before import = 0Number of asset objects unloaded after import = 3

========================================================================
Received Import Request.
  Time since last request: 0.000021 seconds.
  path: Assets/Sprites/Thruster/Thruster_00003.png
  artifactKey: Guid(e8e7c41228a94d8448c91395faed2a95) Importer(2089858483,0ecaa5967403d082aa24f35e1b516d23)
Start importing Assets/Sprites/Thruster/Thruster_00003.png using Guid(e8e7c41228a94d8448c91395faed2a95) Importer(2089858483,0ecaa5967403d082aa24f35e1b516d23) (ScriptedImporter) -> (artifact id: '4743d7c0c0fe5def278d7a970672df84') in 0.0148256 seconds
Number of updated asset objects reloaded before import = 0Number of asset objects unloaded after import = 3

========================================================================
Received Import Request.
  Time since last request: 0.000023 seconds.
  path: Assets/Sprites/Player_Shield/Shields_00003.png
  artifactKey: Guid(38d66c8506f10094ea85b6cc50f7a52b) Importer(2089858483,0ecaa5967403d082aa24f35e1b516d23)
Start importing Assets/Sprites/Player_Shield/Shields_00003.png using Guid(38d66c8506f10094ea85b6cc50f7a52b) Importer(2089858483,0ecaa5967403d082aa24f35e1b516d23) (ScriptedImporter) -> (artifact id: '6a09b14ca913b359939311dcbe8e5196') in 0.0137639 seconds
Number of updated asset objects reloaded before import = 0Number of asset objects unloaded after import = 3

========================================================================
Received Import Request.
  Time since last request: 0.000046 seconds.
  path: Assets/Sprites/Power Ups/frame-3.png
  artifactKey: Guid(3a7da3d4b6ebdc24f81ecff50c8fb876) Importer(2089858483,0ecaa5967403d082aa24f35e1b516d23)
Start importing Assets/Sprites/Power Ups/frame-3.png using Guid(3a7da3d4b6ebdc24f81ecff50c8fb876) Importer(2089858483,0ecaa5967403d082aa24f35e1b516d23) (ScriptedImporter) -> (artifact id: 'f48efd837fb39d6e29ef9f8c0a1b973a') in 0.0176017 seconds
Number of updated asset objects reloaded before import = 0Number of asset objects unloaded after import = 3

========================================================================
Received Import Request.
  Time since last request: 0.000028 seconds.
  path: Assets/Sprites/Health/frame-5.png
  artifactKey: Guid(2c9809e97cac3bf4ebf6fd7e6ac61cbd) Importer(2089858483,0ecaa5967403d082aa24f35e1b516d23)
Start importing Assets/Sprites/Health/frame-5.png using Guid(2c9809e97cac3bf4ebf6fd7e6ac61cbd) Importer(2089858483,0ecaa5967403d082aa24f35e1b516d23) (ScriptedImporter) -> (artifact id: '8af8e359e66b5e38527a8f70766805eb') in 0.0183747 seconds
Number of updated asset objects reloaded before import = 0Number of asset objects unloaded after import = 1

========================================================================
Received Import Request.
  Time since last request: 0.000033 seconds.
  path: Assets/Sprites/Health/frame-4.png
  artifactKey: Guid(439f0045a65c21044855adef53676c29) Importer(2089858483,0ecaa5967403d082aa24f35e1b516d23)
Start importing Assets/Sprites/Health/frame-4.png using Guid(439f0045a65c21044855adef53676c29) Importer(2089858483,0ecaa5967403d082aa24f35e1b516d23) (ScriptedImporter) -> (artifact id: '19ee104a30ed157ecc4d47cf7a3e2aef') in 0.0175251 seconds
Number of updated asset objects reloaded before import = 0Number of asset objects unloaded after import = 1

========================================================================
Received Import Request.
  Time since last request: 0.000024 seconds.
  path: Assets/Sprites/Explosion/Explosion_00127.png
  artifactKey: Guid(3f9f449c9deed634b82589826296198b) Importer(2089858483,0ecaa5967403d082aa24f35e1b516d23)
Start importing Assets/Sprites/Explosion/Explosion_00127.png using Guid(3f9f449c9deed634b82589826296198b) Importer(2089858483,0ecaa5967403d082aa24f35e1b516d23) (ScriptedImporter) -> (artifact id: '4ddbbec8f0590181b19edf46226915e9') in 0.0154706 seconds
Number of updated asset objects reloaded before import = 0Number of asset objects unloaded after import = 3

========================================================================
Received Import Request.
  Time since last request: 0.000018 seconds.
  path: Assets/Sprites/Explosion/Explosion_00143.png
  artifactKey: Guid(b775d6a5501d0ba4c9d9e311d03df1f9) Importer(2089858483,0ecaa5967403d082aa24f35e1b516d23)
Start importing Assets/Sprites/Explosion/Explosion_00143.png using Guid(b775d6a5501d0ba4c9d9e311d03df1f9) Importer(2089858483,0ecaa5967403d082aa24f35e1b516d23) (ScriptedImporter) -> (artifact id: 'baa33891b7efaf418d2766afda23d2a8') in 0.0177776 seconds
Number of updated asset objects reloaded before import = 0Number of asset objects unloaded after import = 3

========================================================================
Received Import Request.
  Time since last request: 0.000020 seconds.
  path: Assets/Sprites/Health/frame-3.png
  artifactKey: Guid(471a60cb81eeda0499bd37ccb7fef188) Importer(2089858483,0ecaa5967403d082aa24f35e1b516d23)
Start importing Assets/Sprites/Health/frame-3.png using Guid(471a60cb81eeda0499bd37ccb7fef188) Importer(2089858483,0ecaa5967403d082aa24f35e1b516d23) (ScriptedImporter) -> (artifact id: 'fd6ee61a7d450a15df935fc9bbb465ad') in 0.0145565 seconds
Number of updated asset objects reloaded before import = 0Number of asset objects unloaded after import = 1

========================================================================
Received Import Request.
  Time since last request: 0.000095 seconds.
  path: Assets/Sprites/Explosion/Explosion_00147.png
  artifactKey: Guid(8e68a1e43105a3a4e9713ba728691f3e) Importer(2089858483,0ecaa5967403d082aa24f35e1b516d23)
Start importing Assets/Sprites/Explosion/Explosion_00147.png using Guid(8e68a1e43105a3a4e9713ba728691f3e) Importer(2089858483,0ecaa5967403d082aa24f35e1b516d23) (ScriptedImporter) -> (artifact id: 'f8bcda6b62db7e9a5857705c4f322806') in 0.0219004 seconds
Number of updated asset objects reloaded before import = 0Number of asset objects unloaded after import = 3

========================================================================
Received Import Request.
  Time since last request: 0.000021 seconds.
  path: Assets/Sprites/Thruster/Thruster_00011.png
  artifactKey: Guid(809697fb087d3f743991f1e602e83a4f) Importer(2089858483,0ecaa5967403d082aa24f35e1b516d23)
Start importing Assets/Sprites/Thruster/Thruster_00011.png using Guid(809697fb087d3f743991f1e602e83a4f) Importer(2089858483,0ecaa5967403d082aa24f35e1b516d23) (ScriptedImporter) -> (artifact id: '6b7bd2e2120862bb3d78adea1da88440') in 0.0183408 seconds
Number of updated asset objects reloaded before import = 0Number of asset objects unloaded after import = 3

========================================================================
Received Import Request.
  Time since last request: 0.000024 seconds.
  path: Assets/TextMesh Pro/Examples & Extras/Materials/Small Crate_diffuse.mat
  artifactKey: Guid(22262639920f43d6be32430e4e58350d) Importer(2089858483,0ecaa5967403d082aa24f35e1b516d23)
Start importing Assets/TextMesh Pro/Examples & Extras/Materials/Small Crate_diffuse.mat using Guid(22262639920f43d6be32430e4e58350d) Importer(2089858483,0ecaa5967403d082aa24f35e1b516d23) (ScriptedImporter) -> (artifact id: '21346d10e206516345a4d53128833fc8') in 0.0666577 seconds
Number of updated asset objects reloaded before import = 0Number of asset objects unloaded after import = 3

========================================================================
Received Import Request.
  Time since last request: 0.000023 seconds.
  path: Assets/TextMesh Pro/Examples & Extras/Materials/Ground - Logo Scene.mat
  artifactKey: Guid(c719e38f25a9480abd2480ab621a2949) Importer(2089858483,0ecaa5967403d082aa24f35e1b516d23)
Start importing Assets/TextMesh Pro/Examples & Extras/Materials/Ground - Logo Scene.mat using Guid(c719e38f25a9480abd2480ab621a2949) Importer(2089858483,0ecaa5967403d082aa24f35e1b516d23) (ScriptedImporter) -> (artifact id: 'e5cb00490f3e083516d0d2b2c9dc70d9') in 0.0091345 seconds
Number of updated asset objects reloaded before import = 0Number of asset objects unloaded after import = 2

========================================================================
Received Import Request.
  Time since last request: 0.000025 seconds.
  path: Assets/TextMesh Pro/Examples & Extras/Scenes/06 - Extra Rich Text Examples.unity
  artifactKey: Guid(39a1fa96ad2a449b908fca29d4297a74) Importer(2089858483,0ecaa5967403d082aa24f35e1b516d23)
Start importing Assets/TextMesh Pro/Examples & Extras/Scenes/06 - Extra Rich Text Examples.unity using Guid(39a1fa96ad2a449b908fca29d4297a74) Importer(2089858483,0ecaa5967403d082aa24f35e1b516d23) (ScriptedImporter) -> (artifact id: 'ca5355d5ef992047fea4ac72fdd49c39') in 0.0055942 seconds
Number of updated asset objects reloaded before import = 0Number of asset objects unloaded after import = 1

========================================================================
Received Import Request.
  Time since last request: 0.000092 seconds.
  path: Assets/TextMesh Pro/Shaders/TMP_SDF-URP Unlit.shadergraph
  artifactKey: Guid(124c112a6e8f1a54e8b0870e881b56d8) Importer(2089858483,0ecaa5967403d082aa24f35e1b516d23)
Start importing Assets/TextMesh Pro/Shaders/TMP_SDF-URP Unlit.shadergraph using Guid(124c112a6e8f1a54e8b0870e881b56d8) Importer(2089858483,0ecaa5967403d082aa24f35e1b516d23) (ScriptedImporter) -> (artifact id: '992871f2dff79d4f7a993898e013ea98') in 0.0074192 seconds
Number of updated asset objects reloaded before import = 0Number of asset objects unloaded after import = 1

========================================================================
Received Import Request.
  Time since last request: 0.000108 seconds.
  path: Assets/TextMesh Pro/Shaders/TMP_Bitmap-Custom-Atlas.shader
  artifactKey: Guid(48bb5f55d8670e349b6e614913f9d910) Importer(2089858483,0ecaa5967403d082aa24f35e1b516d23)
Start importing Assets/TextMesh Pro/Shaders/TMP_Bitmap-Custom-Atlas.shader using Guid(48bb5f55d8670e349b6e614913f9d910) Importer(2089858483,0ecaa5967403d082aa24f35e1b516d23) (ScriptedImporter) -> (artifact id: 'fb6c048d1459e98307b79130680c1a4e') in 0.0120827 seconds
Number of updated asset objects reloaded before import = 0Number of asset objects unloaded after import = 1

========================================================================
Received Import Request.
  Time since last request: 0.000065 seconds.
  path: Assets/Sprites/Thruster/Thruster_00016.png
  artifactKey: Guid(12649022559f2ef4c979b81fafc4024c) Importer(2089858483,0ecaa5967403d082aa24f35e1b516d23)
Start importing Assets/Sprites/Thruster/Thruster_00016.png using Guid(12649022559f2ef4c979b81fafc4024c) Importer(2089858483,0ecaa5967403d082aa24f35e1b516d23) (ScriptedImporter) -> (artifact id: 'fd57d2f8e4c2f410e03904b53442aa51') in 0.0222976 seconds
Number of updated asset objects reloaded before import = 0Number of asset objects unloaded after import = 3

========================================================================
Received Import Request.
  Time since last request: 0.000022 seconds.
  path: Assets/TextMesh Pro/Examples & Extras/Scenes/13 - Soft Hyphenation.unity
  artifactKey: Guid(875684baf40f4d008ce806d03e2a81b2) Importer(2089858483,0ecaa5967403d082aa24f35e1b516d23)
Start importing Assets/TextMesh Pro/Examples & Extras/Scenes/13 - Soft Hyphenation.unity using Guid(875684baf40f4d008ce806d03e2a81b2) Importer(2089858483,0ecaa5967403d082aa24f35e1b516d23) (ScriptedImporter) -> (artifact id: '6cb9e685aa2e20aa39dcfdff56bf8b7d') in 0.0053974 seconds
Number of updated asset objects reloaded before import = 0Number of asset objects unloaded after import = 1

========================================================================
Received Import Request.
  Time since last request: 0.000123 seconds.
  path: Assets/TextMesh Pro/Examples & Extras/Materials/Crate - Surface Shader Scene.mat
  artifactKey: Guid(e6b9b44320f4448d9d5e0ee634259966) Importer(2089858483,0ecaa5967403d082aa24f35e1b516d23)
Start importing Assets/TextMesh Pro/Examples & Extras/Materials/Crate - Surface Shader Scene.mat using Guid(e6b9b44320f4448d9d5e0ee634259966) Importer(2089858483,0ecaa5967403d082aa24f35e1b516d23) (ScriptedImporter) -> (artifact id: '1769857b1269d495cd93c308aecfc575') in 0.0204052 seconds
Number of updated asset objects reloaded before import = 0Number of asset objects unloaded after import = 3

========================================================================
Received Import Request.
  Time since last request: 0.000098 seconds.
  path: Assets/TextMesh Pro/Shaders/TMP_SDF-Mobile-2-Pass.shader
  artifactKey: Guid(0178fcb869bafef4690d177d31d17db8) Importer(2089858483,0ecaa5967403d082aa24f35e1b516d23)
Start importing Assets/TextMesh Pro/Shaders/TMP_SDF-Mobile-2-Pass.shader using Guid(0178fcb869bafef4690d177d31d17db8) Importer(2089858483,0ecaa5967403d082aa24f35e1b516d23) (ScriptedImporter) -> (artifact id: 'cd4fe09586fea3273848a2a868dfd7da') in 0.0083243 seconds
Number of updated asset objects reloaded before import = 0Number of asset objects unloaded after import = 1

========================================================================
Received Import Request.
  Time since last request: 0.000026 seconds.
  path: Assets/Sprites/Thruster/Thruster_00012.png
  artifactKey: Guid(983c2293cbf2dbb44a5c827349c4eadd) Importer(2089858483,0ecaa5967403d082aa24f35e1b516d23)
Start importing Assets/Sprites/Thruster/Thruster_00012.png using Guid(983c2293cbf2dbb44a5c827349c4eadd) Importer(2089858483,0ecaa5967403d082aa24f35e1b516d23) (ScriptedImporter) -> (artifact id: '37ef2ef067f9e03088c8045ff1e51792') in 0.0168284 seconds
Number of updated asset objects reloaded before import = 0Number of asset objects unloaded after import = 3

========================================================================
Received Import Request.
  Time since last request: 0.000023 seconds.
  path: Assets/TextMesh Pro/Examples & Extras/Scenes/22 - Basic Scripting Example.unity
  artifactKey: Guid(6250f98e58fe4abbaada5d84b7ca846d) Importer(2089858483,0ecaa5967403d082aa24f35e1b516d23)
Start importing Assets/TextMesh Pro/Examples & Extras/Scenes/22 - Basic Scripting Example.unity using Guid(6250f98e58fe4abbaada5d84b7ca846d) Importer(2089858483,0ecaa5967403d082aa24f35e1b516d23) (ScriptedImporter) -> (artifact id: '483fa78fb946b1bfa929189d3a7da950') in 0.0064874 seconds
Number of updated asset objects reloaded before import = 0Number of asset objects unloaded after import = 1

========================================================================
Received Import Request.
  Time since last request: 0.000024 seconds.
  path: Assets/TextMesh Pro/Examples & Extras/Scenes/07 - Superscript & Subscript Example.unity
  artifactKey: Guid(03ec435d4b7140e9b2d87f79136d8374) Importer(2089858483,0ecaa5967403d082aa24f35e1b516d23)
Start importing Assets/TextMesh Pro/Examples & Extras/Scenes/07 - Superscript & Subscript Example.unity using Guid(03ec435d4b7140e9b2d87f79136d8374) Importer(2089858483,0ecaa5967403d082aa24f35e1b516d23) (ScriptedImporter) -> (artifact id: '4741527b924458ebc6c8a442015bb33c') in 0.0051894 seconds
Number of updated asset objects reloaded before import = 0Number of asset objects unloaded after import = 1

========================================================================
Received Import Request.
  Time since last request: 0.000128 seconds.
  path: Assets/TextMesh Pro/Examples & Extras/Fonts/Unity - OFL.txt
  artifactKey: Guid(0251f66ebc602a944b35bccd13be2738) Importer(2089858483,0ecaa5967403d082aa24f35e1b516d23)
Start importing Assets/TextMesh Pro/Examples & Extras/Fonts/Unity - OFL.txt using Guid(0251f66ebc602a944b35bccd13be2738) Importer(2089858483,0ecaa5967403d082aa24f35e1b516d23) (ScriptedImporter) -> (artifact id: '9b6cbb6a70d1e88865ba271e1b6c9161') in 0.004818 seconds
Number of updated asset objects reloaded before import = 0Number of asset objects unloaded after import = 1

========================================================================
Received Import Request.
  Time since last request: 0.000096 seconds.
  path: Assets/TextMesh Pro/Examples & Extras/Scenes/08 - Improved Text Alignment.unity
  artifactKey: Guid(5fe2257128d9401fad0790f581dc8a6f) Importer(2089858483,0ecaa5967403d082aa24f35e1b516d23)
Start importing Assets/TextMesh Pro/Examples & Extras/Scenes/08 - Improved Text Alignment.unity using Guid(5fe2257128d9401fad0790f581dc8a6f) Importer(2089858483,0ecaa5967403d082aa24f35e1b516d23) (ScriptedImporter) -> (artifact id: '2f8d8239b8b2a40187cb205687aaf451') in 0.004487 seconds
Number of updated asset objects reloaded before import = 0Number of asset objects unloaded after import = 1

========================================================================
Received Import Request.
  Time since last request: 0.000113 seconds.
  path: Assets/TextMesh Pro/Sprites/EmojiOne Attribution.txt
  artifactKey: Guid(381dcb09d5029d14897e55f98031fca5) Importer(2089858483,0ecaa5967403d082aa24f35e1b516d23)
Start importing Assets/TextMesh Pro/Sprites/EmojiOne Attribution.txt using Guid(381dcb09d5029d14897e55f98031fca5) Importer(2089858483,0ecaa5967403d082aa24f35e1b516d23) (ScriptedImporter) -> (artifact id: 'db3936016b6e176c25c8095a20cd9f7d') in 0.0281516 seconds
Number of updated asset objects reloaded before import = 0Number of asset objects unloaded after import = 1

========================================================================
Received Import Request.
  Time since last request: 0.000017 seconds.
  path: Assets/TextMesh Pro/Shaders/TMP_SDF-HDRP UNLIT.shadergraph
  artifactKey: Guid(f63d574838ccfb44f84acc05fed0af48) Importer(2089858483,0ecaa5967403d082aa24f35e1b516d23)
Start importing Assets/TextMesh Pro/Shaders/TMP_SDF-HDRP UNLIT.shadergraph using Guid(f63d574838ccfb44f84acc05fed0af48) Importer(2089858483,0ecaa5967403d082aa24f35e1b516d23) (ScriptedImporter) -> (artifact id: 'dc86b3f8b3c1794526626cd6310fe74f') in 0.0063208 seconds
Number of updated asset objects reloaded before import = 0Number of asset objects unloaded after import = 1

========================================================================
Received Import Request.
  Time since last request: 0.000069 seconds.
  path: Assets/TextMesh Pro/Fonts/LiberationSans.ttf
  artifactKey: Guid(e3265ab4bf004d28a9537516768c1c75) Importer(2089858483,0ecaa5967403d082aa24f35e1b516d23)
Start importing Assets/TextMesh Pro/Fonts/LiberationSans.ttf using Guid(e3265ab4bf004d28a9537516768c1c75) Importer(2089858483,0ecaa5967403d082aa24f35e1b516d23) (ScriptedImporter) -> (artifact id: 'f394798d5bd0e9af13b767d16eb2ffa2') in 0.0152736 seconds
Number of updated asset objects reloaded before import = 0Number of asset objects unloaded after import = 3

========================================================================
Received Import Request.
  Time since last request: 0.000024 seconds.
  path: Assets/TextMesh Pro/Shaders/TMP_SDF-Mobile.shader
  artifactKey: Guid(fe393ace9b354375a9cb14cdbbc28be4) Importer(2089858483,0ecaa5967403d082aa24f35e1b516d23)
Start importing Assets/TextMesh Pro/Shaders/TMP_SDF-Mobile.shader using Guid(fe393ace9b354375a9cb14cdbbc28be4) Importer(2089858483,0ecaa5967403d082aa24f35e1b516d23) (ScriptedImporter) -> (artifact id: 'b0cf542dd796d3b892aa221e8ede3c17') in 0.0059512 seconds
Number of updated asset objects reloaded before import = 0Number of asset objects unloaded after import = 1

========================================================================
Received Import Request.
  Time since last request: 0.000080 seconds.
  path: Assets/TextMesh Pro/Shaders/TMP_SDF-Mobile SSD.shader
  artifactKey: Guid(c8d12adcee749c344b8117cf7c7eb912) Importer(2089858483,0ecaa5967403d082aa24f35e1b516d23)
Start importing Assets/TextMesh Pro/Shaders/TMP_SDF-Mobile SSD.shader using Guid(c8d12adcee749c344b8117cf7c7eb912) Importer(2089858483,0ecaa5967403d082aa24f35e1b516d23) (ScriptedImporter) -> (artifact id: '9ac647dee0ee51d04552438d08e2349e') in 0.0067508 seconds
Number of updated asset objects reloaded before import = 0Number of asset objects unloaded after import = 1

========================================================================
Received Import Request.
  Time since last request: 0.000024 seconds.
  path: Assets/TextMesh Pro/Resources/TMP Settings.asset
  artifactKey: Guid(3f5b5dff67a942289a9defa416b206f3) Importer(2089858483,0ecaa5967403d082aa24f35e1b516d23)
Start importing Assets/TextMesh Pro/Resources/TMP Settings.asset using Guid(3f5b5dff67a942289a9defa416b206f3) Importer(2089858483,0ecaa5967403d082aa24f35e1b516d23) (ScriptedImporter) -> (artifact id: '466d04a199cb0d7ed5e7238603777c56') in 0.0465268 seconds
Number of updated asset objects reloaded before import = 0Number of asset objects unloaded after import = 15

========================================================================
Received Import Request.
  Time since last request: 0.000030 seconds.
  path: Assets/TextMesh Pro/Examples & Extras/Fonts/Anton.ttf
  artifactKey: Guid(997a43b767814dd0a7642ec9b78cba41) Importer(2089858483,0ecaa5967403d082aa24f35e1b516d23)
Start importing Assets/TextMesh Pro/Examples & Extras/Fonts/Anton.ttf using Guid(997a43b767814dd0a7642ec9b78cba41) Importer(2089858483,0ecaa5967403d082aa24f35e1b516d23) (ScriptedImporter) -> (artifact id: 'ad5d985c629d0f8963d0f879571e2fd5') in 0.0127262 seconds
Number of updated asset objects reloaded before import = 0Number of asset objects unloaded after import = 3

========================================================================
Received Import Request.
  Time since last request: 0.000037 seconds.
  path: Assets/Sprites/Thruster/Thruster_00014.png
  artifactKey: Guid(30950ec89da66af4db826e244164ef10) Importer(2089858483,0ecaa5967403d082aa24f35e1b516d23)
Start importing Assets/Sprites/Thruster/Thruster_00014.png using Guid(30950ec89da66af4db826e244164ef10) Importer(2089858483,0ecaa5967403d082aa24f35e1b516d23) (ScriptedImporter) -> (artifact id: '8bfc993d71b40388dd5bc54f09f85090') in 0.0188721 seconds
Number of updated asset objects reloaded before import = 0Number of asset objects unloaded after import = 3

========================================================================
Received Import Request.
  Time since last request: 0.000026 seconds.
  path: Assets/TextMesh Pro/Shaders/TMP_Bitmap-Mobile.shader
  artifactKey: Guid(1e3b057af24249748ff873be7fafee47) Importer(2089858483,0ecaa5967403d082aa24f35e1b516d23)
Start importing Assets/TextMesh Pro/Shaders/TMP_Bitmap-Mobile.shader using Guid(1e3b057af24249748ff873be7fafee47) Importer(2089858483,0ecaa5967403d082aa24f35e1b516d23) (ScriptedImporter) -> (artifact id: '49e3e9c2040f7b1d1ce2d8a8745573a6') in 0.0070247 seconds
Number of updated asset objects reloaded before import = 0Number of asset objects unloaded after import = 1

========================================================================
Received Import Request.
  Time since last request: 0.000023 seconds.
  path: Assets/TextMesh Pro/Examples & Extras/Prefabs/Text Popup.prefab
  artifactKey: Guid(b06f0e6c1dfa4356ac918da1bb32c603) Importer(2089858483,0ecaa5967403d082aa24f35e1b516d23)
Start importing Assets/TextMesh Pro/Examples & Extras/Prefabs/Text Popup.prefab using Guid(b06f0e6c1dfa4356ac918da1bb32c603) Importer(2089858483,0ecaa5967403d082aa24f35e1b516d23) (ScriptedImporter) -> (artifact id: 'd0c920cc226377c226351ba7147d5fb3') in 0.0709516 seconds
Number of updated asset objects reloaded before import = 0Number of asset objects unloaded after import = 21

========================================================================
Received Import Request.
  Time since last request: 0.000026 seconds.
  path: Assets/TextMesh Pro/Examples & Extras/Scenes/05 - Style Tags.unity
  artifactKey: Guid(70615243e2be4a81afaab9bf5d273d65) Importer(2089858483,0ecaa5967403d082aa24f35e1b516d23)
Start importing Assets/TextMesh Pro/Examples & Extras/Scenes/05 - Style Tags.unity using Guid(70615243e2be4a81afaab9bf5d273d65) Importer(2089858483,0ecaa5967403d082aa24f35e1b516d23) (ScriptedImporter) -> (artifact id: 'ae883ae18b211b0147315edd21de2ff3') in 0.0115807 seconds
Number of updated asset objects reloaded before import = 0Number of asset objects unloaded after import = 1

========================================================================
Received Import Request.
  Time since last request: 0.000023 seconds.
  path: Assets/TextMesh Pro/Shaders/TMP_SDF.shader
  artifactKey: Guid(68e6db2ebdc24f95958faec2be5558d6) Importer(2089858483,0ecaa5967403d082aa24f35e1b516d23)
Start importing Assets/TextMesh Pro/Shaders/TMP_SDF.shader using Guid(68e6db2ebdc24f95958faec2be5558d6) Importer(2089858483,0ecaa5967403d082aa24f35e1b516d23) (ScriptedImporter) -> (artifact id: 'eaace9185c4c7b5fa1eb3a38baa16641') in 0.0095545 seconds
Number of updated asset objects reloaded before import = 0Number of asset objects unloaded after import = 1

========================================================================
Received Import Request.
  Time since last request: 0.000025 seconds.
  path: Assets/Sprites/Explosion/Explosion_00015.png
  artifactKey: Guid(e39f1c644f0068b4481f7ca29988afee) Importer(2089858483,0ecaa5967403d082aa24f35e1b516d23)
Start importing Assets/Sprites/Explosion/Explosion_00015.png using Guid(e39f1c644f0068b4481f7ca29988afee) Importer(2089858483,0ecaa5967403d082aa24f35e1b516d23) (ScriptedImporter) -> (artifact id: 'c57c0ac4a70ffcdd926b3b4580e1d17a') in 0.0166504 seconds
Number of updated asset objects reloaded before import = 0Number of asset objects unloaded after import = 3

========================================================================
Received Import Request.
  Time since last request: 0.000274 seconds.
  path: Assets/Sprites/Explosion/Explosion_00139.png
  artifactKey: Guid(d881c8d98a17ef946842c75c7c03910a) Importer(2089858483,0ecaa5967403d082aa24f35e1b516d23)
Start importing Assets/Sprites/Explosion/Explosion_00139.png using Guid(d881c8d98a17ef946842c75c7c03910a) Importer(2089858483,0ecaa5967403d082aa24f35e1b516d23) (ScriptedImporter) -> (artifact id: '5d059716478757863761e94e81ffa704') in 0.0375271 seconds
Number of updated asset objects reloaded before import = 0Number of asset objects unloaded after import = 3

========================================================================
Received Import Request.
  Time since last request: 0.000688 seconds.
  path: Assets/Sprites/Planes/Bipolar Plane/Type_5/Biploar_type5_2.png
  artifactKey: Guid(301eb31fffa5f144c99774eb8062205b) Importer(2089858483,0ecaa5967403d082aa24f35e1b516d23)
Start importing Assets/Sprites/Planes/Bipolar Plane/Type_5/Biploar_type5_2.png using Guid(301eb31fffa5f144c99774eb8062205b) Importer(2089858483,0ecaa5967403d082aa24f35e1b516d23) (ScriptedImporter) -> (artifact id: '89ca1757b7f160a80d295500636f2bd3') in 0.0209951 seconds
Number of updated asset objects reloaded before import = 0Number of asset objects unloaded after import = 1

========================================================================
Received Import Request.
  Time since last request: 0.000025 seconds.
  path: Assets/TextMesh Pro/Examples & Extras/Scenes/24 - Surface Shader Example URP.unity
  artifactKey: Guid(57694ed9d1cd1e340a4924c0f2eac8e3) Importer(2089858483,0ecaa5967403d082aa24f35e1b516d23)
Start importing Assets/TextMesh Pro/Examples & Extras/Scenes/24 - Surface Shader Example URP.unity using Guid(57694ed9d1cd1e340a4924c0f2eac8e3) Importer(2089858483,0ecaa5967403d082aa24f35e1b516d23) (ScriptedImporter) -> (artifact id: '528dba9047f70930e436362e8f3765a5') in 0.0080309 seconds
Number of updated asset objects reloaded before import = 0Number of asset objects unloaded after import = 1

========================================================================
Received Import Request.
  Time since last request: 0.000026 seconds.
  path: Assets/Sprites/Explosion/Explosion_00100.png
  artifactKey: Guid(8bab0ea99e010904293ac1dceffe01b7) Importer(2089858483,0ecaa5967403d082aa24f35e1b516d23)
Start importing Assets/Sprites/Explosion/Explosion_00100.png using Guid(8bab0ea99e010904293ac1dceffe01b7) Importer(2089858483,0ecaa5967403d082aa24f35e1b516d23) (ScriptedImporter) -> (artifact id: 'b8cc5f6d4bc903d356f872623847ca03') in 0.0206638 seconds
Number of updated asset objects reloaded before import = 0Number of asset objects unloaded after import = 3

========================================================================
Received Import Request.
  Time since last request: 0.000049 seconds.
  path: Assets/TextMesh Pro/Examples & Extras/Scripts/ShaderPropAnimator.cs
  artifactKey: Guid(2787a46a4dc848c1b4b7b9307b614bfd) Importer(2089858483,0ecaa5967403d082aa24f35e1b516d23)
Start importing Assets/TextMesh Pro/Examples & Extras/Scripts/ShaderPropAnimator.cs using Guid(2787a46a4dc848c1b4b7b9307b614bfd) Importer(2089858483,0ecaa5967403d082aa24f35e1b516d23) (ScriptedImporter) -> (artifact id: 'c7b49dfe7c38e0baae2f467244de2a8c') in 0.0162509 seconds
Number of updated asset objects reloaded before import = 0Number of asset objects unloaded after import = 0

========================================================================
Received Import Request.
  Time since last request: 0.000230 seconds.
  path: Assets/TextMesh Pro/Examples & Extras/Scripts/TMP_PhoneNumberValidator.cs
  artifactKey: Guid(83680ab1a69f4102ac67d1459fe76e1f) Importer(2089858483,0ecaa5967403d082aa24f35e1b516d23)
Start importing Assets/TextMesh Pro/Examples & Extras/Scripts/TMP_PhoneNumberValidator.cs using Guid(83680ab1a69f4102ac67d1459fe76e1f) Importer(2089858483,0ecaa5967403d082aa24f35e1b516d23) (ScriptedImporter) -> (artifact id: '26bd03b5986fd55d00d01080f181ac75') in 0.0077499 seconds
Number of updated asset objects reloaded before import = 0Number of asset objects unloaded after import = 0

========================================================================
Received Import Request.
  Time since last request: 0.000160 seconds.
  path: Assets/TextMesh Pro/Examples & Extras/Scenes/28 - HDRP Shader Example.unity
  artifactKey: Guid(eea2b7206368b444e84fbec4ec32b64a) Importer(2089858483,0ecaa5967403d082aa24f35e1b516d23)
Start importing Assets/TextMesh Pro/Examples & Extras/Scenes/28 - HDRP Shader Example.unity using Guid(eea2b7206368b444e84fbec4ec32b64a) Importer(2089858483,0ecaa5967403d082aa24f35e1b516d23) (ScriptedImporter) -> (artifact id: '323c32ac2e445adf8567afb4b6bad8fe') in 0.0057228 seconds
Number of updated asset objects reloaded before import = 0Number of asset objects unloaded after import = 1

========================================================================
Received Import Request.
  Time since last request: 0.000135 seconds.
  path: Assets/TextMesh Pro/Examples & Extras/Scripts/TMP_TextSelector_A.cs
  artifactKey: Guid(103e0a6a1d404693b9fb1a5173e0e979) Importer(2089858483,0ecaa5967403d082aa24f35e1b516d23)
Start importing Assets/TextMesh Pro/Examples & Extras/Scripts/TMP_TextSelector_A.cs using Guid(103e0a6a1d404693b9fb1a5173e0e979) Importer(2089858483,0ecaa5967403d082aa24f35e1b516d23) (ScriptedImporter) -> (artifact id: 'd821ace744dc5d2dda8a2296c398ad2a') in 0.010219 seconds
Number of updated asset objects reloaded before import = 0Number of asset objects unloaded after import = 0

========================================================================
Received Import Request.
  Time since last request: 0.000640 seconds.
  path: Assets/Sprites/Planes/B-17/Type-2/colored_2.png
  artifactKey: Guid(07219017787d4844f8903a0894fad3c6) Importer(2089858483,0ecaa5967403d082aa24f35e1b516d23)
Start importing Assets/Sprites/Planes/B-17/Type-2/colored_2.png using Guid(07219017787d4844f8903a0894fad3c6) Importer(2089858483,0ecaa5967403d082aa24f35e1b516d23) (ScriptedImporter) -> (artifact id: '3277b33519ba042f45d8fbaf6cf429d2') in 0.0212449 seconds
Number of updated asset objects reloaded before import = 0Number of asset objects unloaded after import = 1

========================================================================
Received Import Request.
  Time since last request: 0.000451 seconds.
  path: Assets/TextMesh Pro/Examples & Extras/Textures/Text Overflow - Linked Text Image 1.png
  artifactKey: Guid(4ccf43d26c4748c792174516f4a8fcef) Importer(2089858483,0ecaa5967403d082aa24f35e1b516d23)
Start importing Assets/TextMesh Pro/Examples & Extras/Textures/Text Overflow - Linked Text Image 1.png using Guid(4ccf43d26c4748c792174516f4a8fcef) Importer(2089858483,0ecaa5967403d082aa24f35e1b516d23) (ScriptedImporter) -> (artifact id: '74d2b25ca4503a87c67a960f54490fcc') in 0.0192334 seconds
Number of updated asset objects reloaded before import = 0Number of asset objects unloaded after import = 1

========================================================================
Received Import Request.
  Time since last request: 0.000324 seconds.
  path: Assets/TextMesh Pro/Examples & Extras/Scripts/TMP_ExampleScript_01.cs
  artifactKey: Guid(6f2c5b59b6874405865e2616e4ec276a) Importer(2089858483,0ecaa5967403d082aa24f35e1b516d23)
Start importing Assets/TextMesh Pro/Examples & Extras/Scripts/TMP_ExampleScript_01.cs using Guid(6f2c5b59b6874405865e2616e4ec276a) Importer(2089858483,0ecaa5967403d082aa24f35e1b516d23) (ScriptedImporter) -> (artifact id: '8c323ccbd79f8d12ec03b788e2de8964') in 0.0111267 seconds
Number of updated asset objects reloaded before import = 0Number of asset objects unloaded after import = 0

========================================================================
Received Import Request.
  Time since last request: 0.000241 seconds.
  path: Assets/TextMesh Pro/Examples & Extras/Scripts/TMP_TextEventCheck.cs
  artifactKey: Guid(d736ce056cf444ca96e424f4d9c42b76) Importer(2089858483,0ecaa5967403d082aa24f35e1b516d23)
Start importing Assets/TextMesh Pro/Examples & Extras/Scripts/TMP_TextEventCheck.cs using Guid(d736ce056cf444ca96e424f4d9c42b76) Importer(2089858483,0ecaa5967403d082aa24f35e1b516d23) (ScriptedImporter) -> (artifact id: '070bc112dc4bafdebebb0ff015da7fcb') in 0.0089744 seconds
Number of updated asset objects reloaded before import = 0Number of asset objects unloaded after import = 0

========================================================================
Received Import Request.
  Time since last request: 0.000357 seconds.
  path: Assets/TextMesh Pro/Examples & Extras/Scripts/Benchmark01.cs
  artifactKey: Guid(f970ea55f9f84bf79b05dab180b8c125) Importer(2089858483,0ecaa5967403d082aa24f35e1b516d23)
Start importing Assets/TextMesh Pro/Examples & Extras/Scripts/Benchmark01.cs using Guid(f970ea55f9f84bf79b05dab180b8c125) Importer(2089858483,0ecaa5967403d082aa24f35e1b516d23) (ScriptedImporter) -> (artifact id: '793d1241e1ce8f1a01b12f0e8e10eff8') in 0.0057289 seconds
Number of updated asset objects reloaded before import = 0Number of asset objects unloaded after import = 0

========================================================================
Received Import Request.
  Time since last request: 0.000423 seconds.
  path: Assets/TextMesh Pro/Examples & Extras/Scripts/Benchmark02.cs
  artifactKey: Guid(e8538afcddc14efbb5d9e94b7ae50197) Importer(2089858483,0ecaa5967403d082aa24f35e1b516d23)
Start importing Assets/TextMesh Pro/Examples & Extras/Scripts/Benchmark02.cs using Guid(e8538afcddc14efbb5d9e94b7ae50197) Importer(2089858483,0ecaa5967403d082aa24f35e1b516d23) (ScriptedImporter) -> (artifact id: 'b67aa123ad27bcf4ec0015fbbda92856') in 0.00591 seconds
Number of updated asset objects reloaded before import = 0Number of asset objects unloaded after import = 0

========================================================================
Received Import Request.
  Time since last request: 0.000401 seconds.
  path: Assets/Sprites/Planes/Bipolar Plane/Type_1/Biploar_type1_5.png
  artifactKey: Guid(3e79aecb3f17b374485f7a23462788d9) Importer(2089858483,0ecaa5967403d082aa24f35e1b516d23)
Start importing Assets/Sprites/Planes/Bipolar Plane/Type_1/Biploar_type1_5.png using Guid(3e79aecb3f17b374485f7a23462788d9) Importer(2089858483,0ecaa5967403d082aa24f35e1b516d23) (ScriptedImporter) -> (artifact id: 'e909bf1c3d84b24977afe34cc90485aa') in 0.0249733 seconds
Number of updated asset objects reloaded before import = 0Number of asset objects unloaded after import = 1

========================================================================
Received Import Request.
  Time since last request: 0.000025 seconds.
  path: Assets/Sprites/Planes/Bipolar Plane/Type_3/Biploar_type3_1.png
  artifactKey: Guid(78f211fb88020e046a5f77e9f9ee95d9) Importer(2089858483,0ecaa5967403d082aa24f35e1b516d23)
Start importing Assets/Sprites/Planes/Bipolar Plane/Type_3/Biploar_type3_1.png using Guid(78f211fb88020e046a5f77e9f9ee95d9) Importer(2089858483,0ecaa5967403d082aa24f35e1b516d23) (ScriptedImporter) -> (artifact id: '5b48e8ebf8f77495ed8280ef7115e77e') in 0.020229 seconds
Number of updated asset objects reloaded before import = 0Number of asset objects unloaded after import = 1

========================================================================
Received Import Request.
  Time since last request: 0.000079 seconds.
  path: Assets/Sprites/Planes/Bipolar Plane/Type_4/Biploar_type4_1.png
  artifactKey: Guid(8aeecf44f8c5d4b4487f3be15ab0f455) Importer(2089858483,0ecaa5967403d082aa24f35e1b516d23)
Start importing Assets/Sprites/Planes/Bipolar Plane/Type_4/Biploar_type4_1.png using Guid(8aeecf44f8c5d4b4487f3be15ab0f455) Importer(2089858483,0ecaa5967403d082aa24f35e1b516d23) (ScriptedImporter) -> (artifact id: 'a379de029f3bb63d0aca87c8bb4f7afc') in 0.0141649 seconds
Number of updated asset objects reloaded before import = 0Number of asset objects unloaded after import = 1

========================================================================
Received Import Request.
  Time since last request: 0.000023 seconds.
  path: Assets/TextMesh Pro/Examples & Extras/Scenes/24 - Surface Shader Example.unity
  artifactKey: Guid(8c4969fd8ba94a68b07cf11f3e7a5137) Importer(2089858483,0ecaa5967403d082aa24f35e1b516d23)
Start importing Assets/TextMesh Pro/Examples & Extras/Scenes/24 - Surface Shader Example.unity using Guid(8c4969fd8ba94a68b07cf11f3e7a5137) Importer(2089858483,0ecaa5967403d082aa24f35e1b516d23) (ScriptedImporter) -> (artifact id: 'ceb119dc54708e6e35e5c95ff44996b6') in 0.0075726 seconds
Number of updated asset objects reloaded before import = 0Number of asset objects unloaded after import = 1

========================================================================
Received Import Request.
  Time since last request: 0.000179 seconds.
  path: Assets/TextMesh Pro/Examples & Extras/Textures/Wipe Pattern - Radial Quad.psd
  artifactKey: Guid(2b5e9ae96c5644d8bae932f8b4ca68a2) Importer(2089858483,0ecaa5967403d082aa24f35e1b516d23)
Start importing Assets/TextMesh Pro/Examples & Extras/Textures/Wipe Pattern - Radial Quad.psd using Guid(2b5e9ae96c5644d8bae932f8b4ca68a2) Importer(2089858483,0ecaa5967403d082aa24f35e1b516d23) (ScriptedImporter) -> (artifact id: '5750dbc166eac2a630b4388af9d12a92') in 0.0194783 seconds
Number of updated asset objects reloaded before import = 0Number of asset objects unloaded after import = 1

========================================================================
Received Import Request.
  Time since last request: 0.000085 seconds.
  path: Assets/TextMesh Pro/Examples & Extras/Scripts/TMP_FrameRateCounter.cs
  artifactKey: Guid(686ec78b56aa445795335fbadafcfaa4) Importer(2089858483,0ecaa5967403d082aa24f35e1b516d23)
Start importing Assets/TextMesh Pro/Examples & Extras/Scripts/TMP_FrameRateCounter.cs using Guid(686ec78b56aa445795335fbadafcfaa4) Importer(2089858483,0ecaa5967403d082aa24f35e1b516d23) (ScriptedImporter) -> (artifact id: '5b6d2e6a19118d49c3576f61ee9eebc8') in 0.0057009 seconds
Number of updated asset objects reloaded before import = 0Number of asset objects unloaded after import = 0

========================================================================
Received Import Request.
  Time since last request: 0.000268 seconds.
  path: Assets/TextMesh Pro/Resources/Fonts & Materials/LiberationSans SDF - Fallback.asset
  artifactKey: Guid(2e498d1c8094910479dc3e1b768306a4) Importer(2089858483,0ecaa5967403d082aa24f35e1b516d23)
Start importing Assets/TextMesh Pro/Resources/Fonts & Materials/LiberationSans SDF - Fallback.asset using Guid(2e498d1c8094910479dc3e1b768306a4) Importer(2089858483,0ecaa5967403d082aa24f35e1b516d23) (ScriptedImporter) -> (artifact id: '75205a1b04ed9909938e01ef245b39ed') in 0.0308714 seconds
Number of updated asset objects reloaded before import = 0Number of asset objects unloaded after import = 5

========================================================================
Received Import Request.
  Time since last request: 0.000023 seconds.
  path: Assets/Sprites/Planes/Hawker Tempest MKII/Type_2/Hawker_type_2.png
  artifactKey: Guid(c348b0fc074f43d4fb71bda309e83f1f) Importer(2089858483,0ecaa5967403d082aa24f35e1b516d23)
Start importing Assets/Sprites/Planes/Hawker Tempest MKII/Type_2/Hawker_type_2.png using Guid(c348b0fc074f43d4fb71bda309e83f1f) Importer(2089858483,0ecaa5967403d082aa24f35e1b516d23) (ScriptedImporter) -> (artifact id: '177a455a84859d3d9cd34a0623c65c37') in 0.0136978 seconds
Number of updated asset objects reloaded before import = 0Number of asset objects unloaded after import = 1

========================================================================
Received Import Request.
  Time since last request: 0.000023 seconds.
  path: Assets/TextMesh Pro/Examples & Extras/Textures/Gradient Vertical (Color).jpg
  artifactKey: Guid(03d0538de6e24c0f819bfc9ce084dfa9) Importer(2089858483,0ecaa5967403d082aa24f35e1b516d23)
Start importing Assets/TextMesh Pro/Examples & Extras/Textures/Gradient Vertical (Color).jpg using Guid(03d0538de6e24c0f819bfc9ce084dfa9) Importer(2089858483,0ecaa5967403d082aa24f35e1b516d23) (ScriptedImporter) -> (artifact id: '6ffd8007dfa3b37d345073b4d750205c') in 0.0169439 seconds
Number of updated asset objects reloaded before import = 0Number of asset objects unloaded after import = 1

========================================================================
Received Import Request.
  Time since last request: 0.000046 seconds.
  path: Assets/TextMesh Pro/Examples & Extras/Textures/Wipe Pattern - Radial Double.psd
  artifactKey: Guid(7631f4eff8f74ed38eb3eb9db17134e1) Importer(2089858483,0ecaa5967403d082aa24f35e1b516d23)
Start importing Assets/TextMesh Pro/Examples & Extras/Textures/Wipe Pattern - Radial Double.psd using Guid(7631f4eff8f74ed38eb3eb9db17134e1) Importer(2089858483,0ecaa5967403d082aa24f35e1b516d23) (ScriptedImporter) -> (artifact id: '7d50e481efaf97f6c3575b8dc1b4cc5c') in 0.0140588 seconds
Number of updated asset objects reloaded before import = 0Number of asset objects unloaded after import = 1

========================================================================
Received Import Request.
  Time since last request: 0.000088 seconds.
  path: Assets/TextMesh Pro/Resources/Sprite Assets/EmojiOne.asset
  artifactKey: Guid(c41005c129ba4d66911b75229fd70b45) Importer(2089858483,0ecaa5967403d082aa24f35e1b516d23)
Start importing Assets/TextMesh Pro/Resources/Sprite Assets/EmojiOne.asset using Guid(c41005c129ba4d66911b75229fd70b45) Importer(2089858483,0ecaa5967403d082aa24f35e1b516d23) (ScriptedImporter) -> (artifact id: 'c8840ef83d33b08f0c1a49f7ad014fd8') in 0.0105925 seconds
Number of updated asset objects reloaded before import = 0Number of asset objects unloaded after import = 3

========================================================================
Received Import Request.
  Time since last request: 0.000024 seconds.
  path: Assets/Sprites/Planes/B-17/Type-1/B-17.png
  artifactKey: Guid(b40d9adc88f58b04f87c1e63c07840f8) Importer(2089858483,0ecaa5967403d082aa24f35e1b516d23)
Start importing Assets/Sprites/Planes/B-17/Type-1/B-17.png using Guid(b40d9adc88f58b04f87c1e63c07840f8) Importer(2089858483,0ecaa5967403d082aa24f35e1b516d23) (ScriptedImporter) -> (artifact id: 'a7ce9ef6854ce36f188da399f4d7429d') in 0.0216024 seconds
Number of updated asset objects reloaded before import = 0Number of asset objects unloaded after import = 3

========================================================================
Received Import Request.
  Time since last request: 0.000025 seconds.
  path: Assets/TextMesh Pro/Examples & Extras/Textures/Text Overflow - Linked Text UI Screenshot.png
  artifactKey: Guid(c76d18757a194d618355f05f815cb0a1) Importer(2089858483,0ecaa5967403d082aa24f35e1b516d23)
Start importing Assets/TextMesh Pro/Examples & Extras/Textures/Text Overflow - Linked Text UI Screenshot.png using Guid(c76d18757a194d618355f05f815cb0a1) Importer(2089858483,0ecaa5967403d082aa24f35e1b516d23) (ScriptedImporter) -> (artifact id: 'e68de15867170ce163b93c390bf858cc') in 0.0171739 seconds
Number of updated asset objects reloaded before import = 0Number of asset objects unloaded after import = 1

========================================================================
Received Import Request.
  Time since last request: 0.000128 seconds.
  path: Assets/Sprites/Planes/Hawker Tempest MKII/Type_1/Hawker_type1.png
  artifactKey: Guid(d7792f4e6fa43b7448e191a29d1f09b2) Importer(2089858483,0ecaa5967403d082aa24f35e1b516d23)
Start importing Assets/Sprites/Planes/Hawker Tempest MKII/Type_1/Hawker_type1.png using Guid(d7792f4e6fa43b7448e191a29d1f09b2) Importer(2089858483,0ecaa5967403d082aa24f35e1b516d23) (ScriptedImporter) -> (artifact id: 'a378ba6327930e86524fe3a07105b3b1') in 0.0163286 seconds
Number of updated asset objects reloaded before import = 0Number of asset objects unloaded after import = 1

========================================================================
Received Import Request.
  Time since last request: 0.000053 seconds.
  path: Assets/TextMesh Pro/Examples & Extras/Textures/Gradient Horizontal (Color).jpg
  artifactKey: Guid(6eb184de103d4b3f812b38561065192f) Importer(2089858483,0ecaa5967403d082aa24f35e1b516d23)
Start importing Assets/TextMesh Pro/Examples & Extras/Textures/Gradient Horizontal (Color).jpg using Guid(6eb184de103d4b3f812b38561065192f) Importer(2089858483,0ecaa5967403d082aa24f35e1b516d23) (ScriptedImporter) -> (artifact id: '3d632ea5e8ca3682ab4a973ab5ff8092') in 0.0139328 seconds
Number of updated asset objects reloaded before import = 0Number of asset objects unloaded after import = 1

========================================================================
Received Import Request.
  Time since last request: 0.000099 seconds.
  path: Assets/TextMesh Pro/Examples & Extras/Scenes/09 - Margin Tag Example.unity
  artifactKey: Guid(349f38d3606449708c7340d26740e1e2) Importer(2089858483,0ecaa5967403d082aa24f35e1b516d23)
Start importing Assets/TextMesh Pro/Examples & Extras/Scenes/09 - Margin Tag Example.unity using Guid(349f38d3606449708c7340d26740e1e2) Importer(2089858483,0ecaa5967403d082aa24f35e1b516d23) (ScriptedImporter) -> (artifact id: 'e422c798b43c67c28f4e570c8c2788cf') in 0.0047408 seconds
Number of updated asset objects reloaded before import = 0Number of asset objects unloaded after import = 1

========================================================================
Received Import Request.
  Time since last request: 0.000122 seconds.
  path: Assets/Sprites/Planes/B-17/Type-3/colored_3.png
  artifactKey: Guid(c9f1aebc2ac4ed347a0983c90856a69e) Importer(2089858483,0ecaa5967403d082aa24f35e1b516d23)
Start importing Assets/Sprites/Planes/B-17/Type-3/colored_3.png using Guid(c9f1aebc2ac4ed347a0983c90856a69e) Importer(2089858483,0ecaa5967403d082aa24f35e1b516d23) (ScriptedImporter) -> (artifact id: '258de3285d2737051c360fbfcc4c1523') in 0.015034 seconds
Number of updated asset objects reloaded before import = 0Number of asset objects unloaded after import = 1

========================================================================
Received Import Request.
  Time since last request: 0.000101 seconds.
  path: Assets/Sprites/Explosion/Explosion_00050.png
  artifactKey: Guid(fccf8af63194a1c49b6ef7e93154f170) Importer(2089858483,0ecaa5967403d082aa24f35e1b516d23)
Start importing Assets/Sprites/Explosion/Explosion_00050.png using Guid(fccf8af63194a1c49b6ef7e93154f170) Importer(2089858483,0ecaa5967403d082aa24f35e1b516d23) (ScriptedImporter) -> (artifact id: 'a11c2d2a34f0db73413d0f3672c767d0') in 0.0162238 seconds
Number of updated asset objects reloaded before import = 0Number of asset objects unloaded after import = 3

========================================================================
Received Import Request.
  Time since last request: 0.000023 seconds.
  path: Assets/Sprites/Explosion/Explosion_00065.png
  artifactKey: Guid(b0779b0f041236d4cbed9ea00625c616) Importer(2089858483,0ecaa5967403d082aa24f35e1b516d23)
Start importing Assets/Sprites/Explosion/Explosion_00065.png using Guid(b0779b0f041236d4cbed9ea00625c616) Importer(2089858483,0ecaa5967403d082aa24f35e1b516d23) (ScriptedImporter) -> (artifact id: '9938ef73824240e4f10baba0fab41eea') in 0.0147462 seconds
Number of updated asset objects reloaded before import = 0Number of asset objects unloaded after import = 3

========================================================================
Received Import Request.
  Time since last request: 0.003831 seconds.
  path: Assets/Sprites/Planes/JU-87B2/Type_2/JU87B2 -progress_5.png
  artifactKey: Guid(9a230bfa486b20649a9d8b2f5ce05eb3) Importer(2089858483,0ecaa5967403d082aa24f35e1b516d23)
Start importing Assets/Sprites/Planes/JU-87B2/Type_2/JU87B2 -progress_5.png using Guid(9a230bfa486b20649a9d8b2f5ce05eb3) Importer(2089858483,0ecaa5967403d082aa24f35e1b516d23) (ScriptedImporter) -> (artifact id: '22616eaca1e393c38404809d5b35d5d1') in 0.0144574 seconds
Number of updated asset objects reloaded before import = 0Number of asset objects unloaded after import = 1

========================================================================
Received Import Request.
  Time since last request: 0.000113 seconds.
  path: Assets/Sprites/Planes/Bipolar Plane/Type_6/Animation/3.png
  artifactKey: Guid(1423bdf0a8fef944f9361875592b9860) Importer(2089858483,0ecaa5967403d082aa24f35e1b516d23)
Start importing Assets/Sprites/Planes/Bipolar Plane/Type_6/Animation/3.png using Guid(1423bdf0a8fef944f9361875592b9860) Importer(2089858483,0ecaa5967403d082aa24f35e1b516d23) (ScriptedImporter) -> (artifact id: '63db2eb9f010d6626fdd661c279543f2') in 0.0128409 seconds
Number of updated asset objects reloaded before import = 0Number of asset objects unloaded after import = 1

========================================================================
Received Import Request.
  Time since last request: 0.000022 seconds.
  path: Assets/Sprites/Planes/Bipolar Plane/Type_3/Animation/3.png
  artifactKey: Guid(dfae3f5bbb7ba6f4a93f990566f63e6d) Importer(2089858483,0ecaa5967403d082aa24f35e1b516d23)
Start importing Assets/Sprites/Planes/Bipolar Plane/Type_3/Animation/3.png using Guid(dfae3f5bbb7ba6f4a93f990566f63e6d) Importer(2089858483,0ecaa5967403d082aa24f35e1b516d23) (ScriptedImporter) -> (artifact id: '4ef5113ffbea089751aabaadf6ba75b0') in 0.0131573 seconds
Number of updated asset objects reloaded before import = 0Number of asset objects unloaded after import = 1

========================================================================
Received Import Request.
  Time since last request: 0.000052 seconds.
  path: Assets/TextMesh Pro/Examples & Extras/Resources/Fonts & Materials/Roboto-Bold SDF - HDRP Unlit.mat
  artifactKey: Guid(2ddca8f46aa0838419d568affb0ca6b4) Importer(2089858483,0ecaa5967403d082aa24f35e1b516d23)
Start importing Assets/TextMesh Pro/Examples & Extras/Resources/Fonts & Materials/Roboto-Bold SDF - HDRP Unlit.mat using Guid(2ddca8f46aa0838419d568affb0ca6b4) Importer(2089858483,0ecaa5967403d082aa24f35e1b516d23) (ScriptedImporter) -> (artifact id: '4772caf29af82410be1099865b0e2e2f') in 0.010402 seconds
Number of updated asset objects reloaded before import = 0Number of asset objects unloaded after import = 1

========================================================================
Received Import Request.
  Time since last request: 0.000059 seconds.
  path: Assets/Sprites/Planes/Blenheim/Type_1/Animation/3.png
  artifactKey: Guid(dd7b12d535328314192abaaede817cd3) Importer(2089858483,0ecaa5967403d082aa24f35e1b516d23)
Start importing Assets/Sprites/Planes/Blenheim/Type_1/Animation/3.png using Guid(dd7b12d535328314192abaaede817cd3) Importer(2089858483,0ecaa5967403d082aa24f35e1b516d23) (ScriptedImporter) -> (artifact id: '3dd2662ccb63df0d8b4236c9bb44423c') in 0.0205068 seconds
Number of updated asset objects reloaded before import = 0Number of asset objects unloaded after import = 1

========================================================================
Received Import Request.
  Time since last request: 0.000064 seconds.
  path: Assets/Sprites/Planes/Bipolar Plane/Type_4/Animation/3.png
  artifactKey: Guid(7f6dad2d468aa554eb602497ec11051c) Importer(2089858483,0ecaa5967403d082aa24f35e1b516d23)
Start importing Assets/Sprites/Planes/Bipolar Plane/Type_4/Animation/3.png using Guid(7f6dad2d468aa554eb602497ec11051c) Importer(2089858483,0ecaa5967403d082aa24f35e1b516d23) (ScriptedImporter) -> (artifact id: '41134be855436b00a7ca55f28b3fa555') in 0.0134568 seconds
Number of updated asset objects reloaded before import = 0Number of asset objects unloaded after import = 1

========================================================================
Received Import Request.
  Time since last request: 0.000056 seconds.
  path: Assets/Sprites/Planes/Bipolar Plane/Type_1/Animated/3.png
  artifactKey: Guid(8e2e0586ce23a84428fe730ebbbb22df) Importer(2089858483,0ecaa5967403d082aa24f35e1b516d23)
Start importing Assets/Sprites/Planes/Bipolar Plane/Type_1/Animated/3.png using Guid(8e2e0586ce23a84428fe730ebbbb22df) Importer(2089858483,0ecaa5967403d082aa24f35e1b516d23) (ScriptedImporter) -> (artifact id: '4992ef4ccfcc830ead1b102975782589') in 0.0121717 seconds
Number of updated asset objects reloaded before import = 0Number of asset objects unloaded after import = 1

========================================================================
Received Import Request.
  Time since last request: 0.000086 seconds.
  path: Assets/Sprites/Planes/B-17/Type-2/Animated/1.png
  artifactKey: Guid(0645768cc0debcb42b03a243d1558ae8) Importer(2089858483,0ecaa5967403d082aa24f35e1b516d23)
Start importing Assets/Sprites/Planes/B-17/Type-2/Animated/1.png using Guid(0645768cc0debcb42b03a243d1558ae8) Importer(2089858483,0ecaa5967403d082aa24f35e1b516d23) (ScriptedImporter) -> (artifact id: 'c769ea90081aa5bae8d0e12425d1b0dd') in 0.0117676 seconds
Number of updated asset objects reloaded before import = 0Number of asset objects unloaded after import = 1

========================================================================
Received Import Request.
  Time since last request: 0.000093 seconds.
  path: Assets/Sprites/Planes/BF-109E/Type-3/Animation/3.png
  artifactKey: Guid(d95c6ac9790882c4cbff1e179d961666) Importer(2089858483,0ecaa5967403d082aa24f35e1b516d23)
Start importing Assets/Sprites/Planes/BF-109E/Type-3/Animation/3.png using Guid(d95c6ac9790882c4cbff1e179d961666) Importer(2089858483,0ecaa5967403d082aa24f35e1b516d23) (ScriptedImporter) -> (artifact id: '0ebb7e3180f4cd6c5bdfb7a40cf6bfda') in 0.0114068 seconds
Number of updated asset objects reloaded before import = 0Number of asset objects unloaded after import = 1

========================================================================
Received Import Request.
  Time since last request: 0.000021 seconds.
  path: Assets/Sprites/Planes/Blenheim/Type_1/Animation/2.png
  artifactKey: Guid(0a81f9f7d1f0e6548a6ed5263af64996) Importer(2089858483,0ecaa5967403d082aa24f35e1b516d23)
Start importing Assets/Sprites/Planes/Blenheim/Type_1/Animation/2.png using Guid(0a81f9f7d1f0e6548a6ed5263af64996) Importer(2089858483,0ecaa5967403d082aa24f35e1b516d23) (ScriptedImporter) -> (artifact id: 'd3233fcab7abc3adbc6832464a9655a8') in 0.0126939 seconds
Number of updated asset objects reloaded before import = 0Number of asset objects unloaded after import = 1

========================================================================
Received Import Request.
  Time since last request: 0.000044 seconds.
  path: Assets/TextMesh Pro/Examples & Extras/Resources/Color Gradient Presets/Dark to Light Green - Vertical.asset
  artifactKey: Guid(4c86a3366cd840348ebe8dc438570ee4) Importer(2089858483,0ecaa5967403d082aa24f35e1b516d23)
Start importing Assets/TextMesh Pro/Examples & Extras/Resources/Color Gradient Presets/Dark to Light Green - Vertical.asset using Guid(4c86a3366cd840348ebe8dc438570ee4) Importer(2089858483,0ecaa5967403d082aa24f35e1b516d23) (ScriptedImporter) -> (artifact id: '23a5d11455864d5e1dcabd6c67c02449') in 0.0076187 seconds
Number of updated asset objects reloaded before import = 0Number of asset objects unloaded after import = 1

========================================================================
Received Import Request.
  Time since last request: 0.000058 seconds.
  path: Assets/Sprites/Planes/B-17/Type-4/Animated/1.png
  artifactKey: Guid(7252e7df5e6bbd048ab82897f636668b) Importer(2089858483,0ecaa5967403d082aa24f35e1b516d23)
Start importing Assets/Sprites/Planes/B-17/Type-4/Animated/1.png using Guid(7252e7df5e6bbd048ab82897f636668b) Importer(2089858483,0ecaa5967403d082aa24f35e1b516d23) (ScriptedImporter) -> (artifact id: 'dd7ff53e3416d3f70648e6f545ad9640') in 0.012251 seconds
Number of updated asset objects reloaded before import = 0Number of asset objects unloaded after import = 1

========================================================================
Received Import Request.
  Time since last request: 0.000083 seconds.
  path: Assets/Sprites/Planes/JU-87B2/Type_1/Animation/2.png
  artifactKey: Guid(65288ccaf66efce4ebeaddfc3a387a61) Importer(2089858483,0ecaa5967403d082aa24f35e1b516d23)
Start importing Assets/Sprites/Planes/JU-87B2/Type_1/Animation/2.png using Guid(65288ccaf66efce4ebeaddfc3a387a61) Importer(2089858483,0ecaa5967403d082aa24f35e1b516d23) (ScriptedImporter) -> (artifact id: '8cb91fee587b8eb016e109a23f5daf8c') in 0.0102732 seconds
Number of updated asset objects reloaded before import = 0Number of asset objects unloaded after import = 1

========================================================================
Received Import Request.
  Time since last request: 0.000016 seconds.
  path: Assets/TextMesh Pro/Examples & Extras/Resources/Fonts & Materials/Bangers SDF Glow.mat
  artifactKey: Guid(d75b8f41e959450c84ac6e967084d3e1) Importer(2089858483,0ecaa5967403d082aa24f35e1b516d23)
Start importing Assets/TextMesh Pro/Examples & Extras/Resources/Fonts & Materials/Bangers SDF Glow.mat using Guid(d75b8f41e959450c84ac6e967084d3e1) Importer(2089858483,0ecaa5967403d082aa24f35e1b516d23) (ScriptedImporter) -> (artifact id: '9609a18486ae177d9fbdf518b25118f5') in 0.0088203 seconds
Number of updated asset objects reloaded before import = 0Number of asset objects unloaded after import = 3

========================================================================
Received Import Request.
  Time since last request: 0.000019 seconds.
  path: Assets/Sprites/Planes/B-17/Type-4/Animated/2.png
  artifactKey: Guid(f83c344af175bda44a5ce1fcb57de029) Importer(2089858483,0ecaa5967403d082aa24f35e1b516d23)
Start importing Assets/Sprites/Planes/B-17/Type-4/Animated/2.png using Guid(f83c344af175bda44a5ce1fcb57de029) Importer(2089858483,0ecaa5967403d082aa24f35e1b516d23) (ScriptedImporter) -> (artifact id: '65cdf3e45cc1dc0f76bf671df8fb4c17') in 0.0274263 seconds
Number of updated asset objects reloaded before import = 0Number of asset objects unloaded after import = 1

========================================================================
Received Import Request.
  Time since last request: 0.000114 seconds.
  path: Assets/Sprites/Planes/Bipolar Plane/Type_2/Animation/1.png
  artifactKey: Guid(a485026c6bbd8b049b0c764677a888ad) Importer(2089858483,0ecaa5967403d082aa24f35e1b516d23)
Start importing Assets/Sprites/Planes/Bipolar Plane/Type_2/Animation/1.png using Guid(a485026c6bbd8b049b0c764677a888ad) Importer(2089858483,0ecaa5967403d082aa24f35e1b516d23) (ScriptedImporter) -> (artifact id: '6e2465e1dffca847ec591aeb4b75af9d') in 0.0113553 seconds
Number of updated asset objects reloaded before import = 0Number of asset objects unloaded after import = 1

========================================================================
Received Import Request.
  Time since last request: 0.000041 seconds.
  path: Assets/Sprites/Planes/TBM3/Type_3/type_3.png
  artifactKey: Guid(410e4546a621fd84a91e080db974df7c) Importer(2089858483,0ecaa5967403d082aa24f35e1b516d23)
Start importing Assets/Sprites/Planes/TBM3/Type_3/type_3.png using Guid(410e4546a621fd84a91e080db974df7c) Importer(2089858483,0ecaa5967403d082aa24f35e1b516d23) (ScriptedImporter) -> (artifact id: '079653c411b95715626f3b5e32c793eb') in 0.0096614 seconds
Number of updated asset objects reloaded before import = 0Number of asset objects unloaded after import = 1

========================================================================
Received Import Request.
  Time since last request: 0.000076 seconds.
  path: Assets/TextMesh Pro/Examples & Extras/Resources/Sprite Assets/DropCap Numbers.asset
  artifactKey: Guid(14aa93acbb234d16aaef0e8b46814db6) Importer(2089858483,0ecaa5967403d082aa24f35e1b516d23)
Start importing Assets/TextMesh Pro/Examples & Extras/Resources/Sprite Assets/DropCap Numbers.asset using Guid(14aa93acbb234d16aaef0e8b46814db6) Importer(2089858483,0ecaa5967403d082aa24f35e1b516d23) (ScriptedImporter) -> (artifact id: '7798aeb395bdb0ecef3a72a14a9e289d') in 0.0076897 seconds
Number of updated asset objects reloaded before import = 0Number of asset objects unloaded after import = 3

========================================================================
Received Import Request.
  Time since last request: 0.000021 seconds.
  path: Assets/Sprites/Planes/BF-109E/Type-3/Animation/1.png
  artifactKey: Guid(8261d4058f969824da503e0ea7a119cf) Importer(2089858483,0ecaa5967403d082aa24f35e1b516d23)
Start importing Assets/Sprites/Planes/BF-109E/Type-3/Animation/1.png using Guid(8261d4058f969824da503e0ea7a119cf) Importer(2089858483,0ecaa5967403d082aa24f35e1b516d23) (ScriptedImporter) -> (artifact id: '23787768049f9762e7efb875b5c5768b') in 0.0086699 seconds
Number of updated asset objects reloaded before import = 0Number of asset objects unloaded after import = 1

========================================================================
Received Import Request.
  Time since last request: 0.000088 seconds.
  path: Assets/Sprites/Planes/B-17/Type-1/Animation/3.png
  artifactKey: Guid(cf89a497e8ba9e449aa5360c05b5330e) Importer(2089858483,0ecaa5967403d082aa24f35e1b516d23)
Start importing Assets/Sprites/Planes/B-17/Type-1/Animation/3.png using Guid(cf89a497e8ba9e449aa5360c05b5330e) Importer(2089858483,0ecaa5967403d082aa24f35e1b516d23) (ScriptedImporter) -> (artifact id: 'f14b48fa4811861abaf60ecbbb7b65ec') in 0.0190155 seconds
Number of updated asset objects reloaded before import = 0Number of asset objects unloaded after import = 1

========================================================================
Received Import Request.
  Time since last request: 0.000077 seconds.
  path: Assets/Sprites/Planes/BF-109E/Type-1/Animation/3.png
  artifactKey: Guid(264b9c47aa6437c4f8eb0d3a684fc95b) Importer(2089858483,0ecaa5967403d082aa24f35e1b516d23)
Start importing Assets/Sprites/Planes/BF-109E/Type-1/Animation/3.png using Guid(264b9c47aa6437c4f8eb0d3a684fc95b) Importer(2089858483,0ecaa5967403d082aa24f35e1b516d23) (ScriptedImporter) -> (artifact id: '93851ac6fb0de50129ebc8ccc789f5d9') in 0.0100881 seconds
Number of updated asset objects reloaded before import = 0Number of asset objects unloaded after import = 1

========================================================================
Received Import Request.
  Time since last request: 0.000036 seconds.
  path: Assets/Sprites/Planes/Bipolar Plane/Type_2/Animation/2.png
  artifactKey: Guid(81508771682ee1b4aa035251997fe83f) Importer(2089858483,0ecaa5967403d082aa24f35e1b516d23)
Start importing Assets/Sprites/Planes/Bipolar Plane/Type_2/Animation/2.png using Guid(81508771682ee1b4aa035251997fe83f) Importer(2089858483,0ecaa5967403d082aa24f35e1b516d23) (ScriptedImporter) -> (artifact id: '498f75d99a8884f29e69764de9cd0d30') in 0.0092416 seconds
Number of updated asset objects reloaded before import = 0Number of asset objects unloaded after import = 1

========================================================================
Received Import Request.
  Time since last request: 0.000037 seconds.
  path: Assets/Sprites/Planes/Hawker Tempest MKII/Type_2/Animation/1.png
  artifactKey: Guid(469e0b7bccf0a7f4caf310056cd65e36) Importer(2089858483,0ecaa5967403d082aa24f35e1b516d23)
Start importing Assets/Sprites/Planes/Hawker Tempest MKII/Type_2/Animation/1.png using Guid(469e0b7bccf0a7f4caf310056cd65e36) Importer(2089858483,0ecaa5967403d082aa24f35e1b516d23) (ScriptedImporter) -> (artifact id: '65477db58f644c99d99abd2953eceec1') in 0.1861652 seconds
Number of updated asset objects reloaded before import = 0Number of asset objects unloaded after import = 1

========================================================================
Received Import Request.
  Time since last request: 0.000125 seconds.
  path: Assets/Sprites/Planes/Bipolar Plane/Type_4/Animation/1.png
  artifactKey: Guid(584ac6e2267bd50419c5d3cc48c8e9f4) Importer(2089858483,0ecaa5967403d082aa24f35e1b516d23)
Start importing Assets/Sprites/Planes/Bipolar Plane/Type_4/Animation/1.png using Guid(584ac6e2267bd50419c5d3cc48c8e9f4) Importer(2089858483,0ecaa5967403d082aa24f35e1b516d23) (ScriptedImporter) -> (artifact id: 'b595d3c329965671a484e5791df71c1e') in 0.0106316 seconds
Number of updated asset objects reloaded before import = 0Number of asset objects unloaded after import = 1

========================================================================
Received Import Request.
  Time since last request: 0.000019 seconds.
  path: Assets/Sprites/Planes/Bipolar Plane/Type_7/Animated/2.png
  artifactKey: Guid(91c4504fa3afa0347b662dc40d5c3960) Importer(2089858483,0ecaa5967403d082aa24f35e1b516d23)
Start importing Assets/Sprites/Planes/Bipolar Plane/Type_7/Animated/2.png using Guid(91c4504fa3afa0347b662dc40d5c3960) Importer(2089858483,0ecaa5967403d082aa24f35e1b516d23) (ScriptedImporter) -> (artifact id: '4dfb6272709e5b2d46d8490404cf09c8') in 0.0085729 seconds
Number of updated asset objects reloaded before import = 0Number of asset objects unloaded after import = 1

========================================================================
Received Import Request.
  Time since last request: 0.000036 seconds.
  path: Assets/TextMesh Pro/Examples & Extras/Resources/Fonts & Materials/LiberationSans SDF - Soft Mask.mat
  artifactKey: Guid(42df1c7856584b6b8db9a509b6b10074) Importer(2089858483,0ecaa5967403d082aa24f35e1b516d23)
Start importing Assets/TextMesh Pro/Examples & Extras/Resources/Fonts & Materials/LiberationSans SDF - Soft Mask.mat using Guid(42df1c7856584b6b8db9a509b6b10074) Importer(2089858483,0ecaa5967403d082aa24f35e1b516d23) (ScriptedImporter) -> (artifact id: 'e1656e1cc9132672004730da9b261a89') in 0.0224794 seconds
Number of updated asset objects reloaded before import = 0Number of asset objects unloaded after import = 3

========================================================================
Received Import Request.
  Time since last request: 0.000020 seconds.
  path: Assets/Sprites/Planes/TBM3/Type_2/Animation/3.png
  artifactKey: Guid(7750eb327886ea94dbe5ee29b081511e) Importer(2089858483,0ecaa5967403d082aa24f35e1b516d23)
Start importing Assets/Sprites/Planes/TBM3/Type_2/Animation/3.png using Guid(7750eb327886ea94dbe5ee29b081511e) Importer(2089858483,0ecaa5967403d082aa24f35e1b516d23) (ScriptedImporter) -> (artifact id: '45d2e73f79c920444244460bb10eb847') in 0.0092543 seconds
Number of updated asset objects reloaded before import = 0Number of asset objects unloaded after import = 1

========================================================================
Received Import Request.
  Time since last request: 0.000034 seconds.
  path: Assets/Sprites/Planes/JU-87B2/Type_2/Animation/3.png
  artifactKey: Guid(61d68fd9020d1cb438de9787602da091) Importer(2089858483,0ecaa5967403d082aa24f35e1b516d23)
Start importing Assets/Sprites/Planes/JU-87B2/Type_2/Animation/3.png using Guid(61d68fd9020d1cb438de9787602da091) Importer(2089858483,0ecaa5967403d082aa24f35e1b516d23) (ScriptedImporter) -> (artifact id: 'ca40ecd162cc1464f7757e8782aee8a5') in 0.0083503 seconds
Number of updated asset objects reloaded before import = 0Number of asset objects unloaded after import = 1

========================================================================
Received Import Request.
  Time since last request: 0.000057 seconds.
  path: Assets/Sprites/Planes/TBM3/Type_1/Animation/3.png
  artifactKey: Guid(716d235f04f425d44868db9dcaf233e9) Importer(2089858483,0ecaa5967403d082aa24f35e1b516d23)
Start importing Assets/Sprites/Planes/TBM3/Type_1/Animation/3.png using Guid(716d235f04f425d44868db9dcaf233e9) Importer(2089858483,0ecaa5967403d082aa24f35e1b516d23) (ScriptedImporter) -> (artifact id: 'c62755a2b493636ca8fcf7942605caac') in 0.0323128 seconds
Number of updated asset objects reloaded before import = 0Number of asset objects unloaded after import = 1

========================================================================
Received Import Request.
  Time since last request: 0.023367 seconds.
  path: Assets/Prefab/EnemyTwo.prefab
  artifactKey: Guid(6d1caaf45bc3e4f45bb75378d3ed9a80) Importer(815301076,1909f56bfc062723c751e8b465ee728b)
Start importing Assets/Prefab/EnemyTwo.prefab using Guid(6d1caaf45bc3e4f45bb75378d3ed9a80) Importer(815301076,1909f56bfc062723c751e8b465ee728b) (PreviewImporter) -> (artifact id: '26bb9a643f1e4ad3aa322c7b811e6d32') in 0.1095682 seconds
Number of updated asset objects reloaded before import = 0Number of asset objects unloaded after import = 339

========================================================================
Received Import Request.
  Time since last request: 9.730854 seconds.
  path: Assets/TextMesh Pro/Examples & Extras/Resources/Fonts & Materials/Anton SDF - Outline.mat
  artifactKey: Guid(a00013af81304728b2be1f4309ee2433) Importer(2089858483,0ecaa5967403d082aa24f35e1b516d23)
Start importing Assets/TextMesh Pro/Examples & Extras/Resources/Fonts & Materials/Anton SDF - Outline.mat using Guid(a00013af81304728b2be1f4309ee2433) Importer(2089858483,0ecaa5967403d082aa24f35e1b516d23) (ScriptedImporter) -> (artifact id: '53a243eae7ec3a562b2fd0c6c1231610') in 0.0091258 seconds
Number of updated asset objects reloaded before import = 0Number of asset objects unloaded after import = 2

========================================================================
Received Import Request.
  Time since last request: 0.000112 seconds.
  path: Assets/Sprites/Planes/Bipolar Plane/Type_3/Animation/1.png
  artifactKey: Guid(8daf7ce08b61b224db98913c49b5f41d) Importer(2089858483,0ecaa5967403d082aa24f35e1b516d23)
Start importing Assets/Sprites/Planes/Bipolar Plane/Type_3/Animation/1.png using Guid(8daf7ce08b61b224db98913c49b5f41d) Importer(2089858483,0ecaa5967403d082aa24f35e1b516d23) (ScriptedImporter) -> (artifact id: '9d5b14931bebce45d8e1c3d6ab8080fb') in 0.0128662 seconds
Number of updated asset objects reloaded before import = 0Number of asset objects unloaded after import = 1

========================================================================
Received Import Request.
  Time since last request: 0.000084 seconds.
  path: Assets/Sprites/Planes/B-17/Type-2/Animated/3.png
  artifactKey: Guid(7d150c66ad5cded40acc0d1bf7784559) Importer(2089858483,0ecaa5967403d082aa24f35e1b516d23)
Start importing Assets/Sprites/Planes/B-17/Type-2/Animated/3.png using Guid(7d150c66ad5cded40acc0d1bf7784559) Importer(2089858483,0ecaa5967403d082aa24f35e1b516d23) (ScriptedImporter) -> (artifact id: '7310a5fed04ead3a02a220b9cc3dd781') in 0.0189729 seconds
Number of updated asset objects reloaded before import = 0Number of asset objects unloaded after import = 1

========================================================================
Received Import Request.
  Time since last request: 0.000083 seconds.
  path: Assets/Sprites/Planes/Bipolar Plane/Type_2/Animation/3.png
  artifactKey: Guid(f3eb46778a3ce42438f280fdceabe983) Importer(2089858483,0ecaa5967403d082aa24f35e1b516d23)
Start importing Assets/Sprites/Planes/Bipolar Plane/Type_2/Animation/3.png using Guid(f3eb46778a3ce42438f280fdceabe983) Importer(2089858483,0ecaa5967403d082aa24f35e1b516d23) (ScriptedImporter) -> (artifact id: '2290d40b31aee3e5010147017e5567a6') in 0.0172491 seconds
Number of updated asset objects reloaded before import = 0Number of asset objects unloaded after import = 1

========================================================================
Received Import Request.
  Time since last request: 0.000092 seconds.
  path: Assets/Sprites/Planes/B-17/Type-3/Animated/3.png
  artifactKey: Guid(d9b7b444c41f26545966e96430c7752a) Importer(2089858483,0ecaa5967403d082aa24f35e1b516d23)
Start importing Assets/Sprites/Planes/B-17/Type-3/Animated/3.png using Guid(d9b7b444c41f26545966e96430c7752a) Importer(2089858483,0ecaa5967403d082aa24f35e1b516d23) (ScriptedImporter) -> (artifact id: 'd26c77d2242fa6125be05f1ff8e8f389') in 0.0176356 seconds
Number of updated asset objects reloaded before import = 0Number of asset objects unloaded after import = 1

========================================================================
Received Import Request.
  Time since last request: 0.000075 seconds.
  path: Assets/Sprites/Planes/Blenheim/Type_1/Animation/1.png
  artifactKey: Guid(0d6ddc5126b8e8d4cb1aa56b259ac19c) Importer(2089858483,0ecaa5967403d082aa24f35e1b516d23)
Start importing Assets/Sprites/Planes/Blenheim/Type_1/Animation/1.png using Guid(0d6ddc5126b8e8d4cb1aa56b259ac19c) Importer(2089858483,0ecaa5967403d082aa24f35e1b516d23) (ScriptedImporter) -> (artifact id: '06a7f7b4a54a7c9f1ccf3aeec21c17e2') in 0.0132851 seconds
Number of updated asset objects reloaded before import = 0Number of asset objects unloaded after import = 1

========================================================================
Received Import Request.
  Time since last request: 1.251587 seconds.
  path: Assets/Sprites/Planes/JU-87B2/Type_3/Animation/2.png
  artifactKey: Guid(1410ae33b965a874bab285aebc484ed4) Importer(2089858483,0ecaa5967403d082aa24f35e1b516d23)
Start importing Assets/Sprites/Planes/JU-87B2/Type_3/Animation/2.png using Guid(1410ae33b965a874bab285aebc484ed4) Importer(2089858483,0ecaa5967403d082aa24f35e1b516d23) (ScriptedImporter) -> (artifact id: '47dc63aecb7d50b8e1ef48c6509584d6') in 1.4877615 seconds
Number of updated asset objects reloaded before import = 0Number of asset objects unloaded after import = 1

========================================================================
Received Import Request.
  Time since last request: 25.697327 seconds.
  path: Assets/Sprites/Coin/frame-2.png
  artifactKey: Guid(027ec9bea289dfa4284978a8d9e6dfdb) Importer(815301076,1909f56bfc062723c751e8b465ee728b)
Start importing Assets/Sprites/Coin/frame-2.png using Guid(027ec9bea289dfa4284978a8d9e6dfdb) Importer(815301076,1909f56bfc062723c751e8b465ee728b) (PreviewImporter) -> (artifact id: 'a01df78f7676f1e28dc81b6e06d9c2b8') in 0.0142324 seconds
Number of updated asset objects reloaded before import = 0Number of asset objects unloaded after import = 2

========================================================================
Received Import Request.
  Time since last request: 0.000022 seconds.
  path: Assets/Sprites/Coin/frame-9.png
  artifactKey: Guid(8c118e0135cf084409106e2b95f2c5f9) Importer(815301076,1909f56bfc062723c751e8b465ee728b)
Start importing Assets/Sprites/Coin/frame-9.png using Guid(8c118e0135cf084409106e2b95f2c5f9) Importer(815301076,1909f56bfc062723c751e8b465ee728b) (PreviewImporter) -> (artifact id: '7ebb92807c04f8a5bdd20ed4eeaa8602') in 0.006424 seconds
Number of updated asset objects reloaded before import = 0Number of asset objects unloaded after import = 2

========================================================================
Received Import Request.
  Time since last request: 17.841593 seconds.
  path: Assets/Sprites/Health/frame-2.png
  artifactKey: Guid(3f6d0deaec5d92f4ab17aca11b1f9dfe) Importer(815301076,1909f56bfc062723c751e8b465ee728b)
Start importing Assets/Sprites/Health/frame-2.png using Guid(3f6d0deaec5d92f4ab17aca11b1f9dfe) Importer(815301076,1909f56bfc062723c751e8b465ee728b) (PreviewImporter) -> (artifact id: '434856d16a9361b282d3caae3eb62446') in 0.0388 seconds
Number of updated asset objects reloaded before import = 0Number of asset objects unloaded after import = 2

Editor requested this worker to shutdown with reason: Scaling down because of idle timeout
AssetImportWorker is now disconnected from the server
Process exiting
Exiting without the bug reporter. Application will terminate with return code 0